#id	sampleA_R1
ERR619083.M00704:57:000000000-A5HJE:1:1101:13929:2159.1	1
ERR619083.M00704:57:000000000-A5HJE:1:1101:25560:7577.1	1
ERR619083.M00704:57:000000000-A5HJE:1:1101:19268:7225.1	1
ERR619083.M00704:57:000000000-A5HJE:1:1101:15309:8942.1	1
ERR619083.M00704:57:000000000-A5HJE:1:1101:9801:2802.1	1
ERR619083.M00704:57:000000000-A5HJE:1:1101:21430:7175.1	1
ERR619083.M00704:57:000000000-A5HJE:1:1101:15154:4363.1	1
ERR619083.M00704:57:000000000-A5HJE:1:1101:13923:7405.1	1
ERR619083.M00704:57:000000000-A5HJE:1:1101:9765:9861.1	1
ERR619083.M00704:57:000000000-A5HJE:1:1101:17301:5790.1	1
ERR619083.M00704:57:000000000-A5HJE:1:1101:13422:8482.1	1
ERR619083.M00704:57:000000000-A5HJE:1:1101:23451:4343.1	1
ERR619083.M00704:57:000000000-A5HJE:1:1101:16292:4855.1	1
ERR619083.M00704:57:000000000-A5HJE:1:1101:11757:8057.1	1
ERR619083.M00704:57:000000000-A5HJE:1:1101:17219:10003.1	1
ERR619083.M00704:57:000000000-A5HJE:1:1101:24851:8120.1	1
ERR619083.M00704:57:000000000-A5HJE:1:1101:11415:8545.1	1
ERR619083.M00704:57:000000000-A5HJE:1:1101:14627:9202.1	1
ERR619083.M00704:57:000000000-A5HJE:1:1101:21625:5646.1	1
ERR619083.M00704:57:000000000-A5HJE:1:1101:10506:3528.1	1
ERR619083.M00704:57:000000000-A5HJE:1:1101:13330:9712.1	1
ERR619083.M00704:57:000000000-A5HJE:1:1101:13202:5366.1	1
ERR619083.M00704:57:000000000-A5HJE:1:1101:21545:8993.1	1
ERR619083.M00704:57:000000000-A5HJE:1:1101:16473:6918.1	1
ERR619083.M00704:57:000000000-A5HJE:1:1101:6017:7657.1	1
ERR619083.M00704:57:000000000-A5HJE:1:1101:8618:7968.1	1
ERR619083.M00704:57:000000000-A5HJE:1:1101:21393:9333.1	1
ERR619083.M00704:57:000000000-A5HJE:1:1101:4529:8018.1	1
ERR619083.M00704:57:000000000-A5HJE:1:1101:7899:7821.1	1
ERR619083.M00704:57:000000000-A5HJE:1:1101:17819:2697.1	1
ERR619083.M00704:57:000000000-A5HJE:1:1101:18611:9271.1	1
ERR619083.M00704:57:000000000-A5HJE:1:1101:8713:9024.1	1
ERR619083.M00704:57:000000000-A5HJE:1:1101:23419:8476.1	1
ERR619083.M00704:57:000000000-A5HJE:1:1101:25407:9695.1	1
ERR619083.M00704:57:000000000-A5HJE:1:1101:19591:8248.1	1
ERR619083.M00704:57:000000000-A5HJE:1:1101:13441:2279.1	1
ERR619083.M00704:57:000000000-A5HJE:1:1101:15103:8739.1	1
ERR619083.M00704:57:000000000-A5HJE:1:1101:12160:9641.1	1
ERR619083.M00704:57:000000000-A5HJE:1:1101:17833:8498.1	1
ERR619083.M00704:57:000000000-A5HJE:1:1101:12082:6212.1	1
ERR619083.M00704:57:000000000-A5HJE:1:1101:12824:7742.1	1
ERR619083.M00704:57:000000000-A5HJE:1:1101:11403:9240.1	1
ERR619083.M00704:57:000000000-A5HJE:1:1101:19730:6972.1	1
ERR619083.M00704:57:000000000-A5HJE:1:1101:24867:10128.1	1
ERR619083.M00704:57:000000000-A5HJE:1:1101:10364:4063.1	1
ERR619083.M00704:57:000000000-A5HJE:1:1101:22382:8752.1	1
ERR619083.M00704:57:000000000-A5HJE:1:1101:19292:3651.1	1
ERR619083.M00704:57:000000000-A5HJE:1:1101:9172:9652.1	1
ERR619083.M00704:57:000000000-A5HJE:1:1101:15268:4682.1	1
ERR619083.M00704:57:000000000-A5HJE:1:1101:13125:4068.1	1
ERR619083.M00704:57:000000000-A5HJE:1:1101:20133:6013.1	1
ERR619083.M00704:57:000000000-A5HJE:1:1101:15191:9879.1	1
ERR619083.M00704:57:000000000-A5HJE:1:1101:14007:7411.1	1
ERR619083.M00704:57:000000000-A5HJE:1:1101:14650:9615.1	1
ERR619083.M00704:57:000000000-A5HJE:1:1101:13745:6111.1	1
ERR619083.M00704:57:000000000-A5HJE:1:1101:19180:2685.1	1
ERR619083.M00704:57:000000000-A5HJE:1:1101:17984:10371.1	1
ERR619083.M00704:57:000000000-A5HJE:1:1101:13882:5235.1	1
ERR619083.M00704:57:000000000-A5HJE:1:1101:9541:4714.1	1
ERR619083.M00704:57:000000000-A5HJE:1:1101:18190:10309.1	1
ERR619083.M00704:57:000000000-A5HJE:1:1101:19530:10021.1	1
ERR619083.M00704:57:000000000-A5HJE:1:1101:14872:9570.1	1
ERR619083.M00704:57:000000000-A5HJE:1:1101:12144:3486.1	1
ERR619083.M00704:57:000000000-A5HJE:1:1101:10843:5426.1	1
ERR619083.M00704:57:000000000-A5HJE:1:1101:7742:7305.1	1
ERR619083.M00704:57:000000000-A5HJE:1:1101:18411:7285.1	1
ERR619083.M00704:57:000000000-A5HJE:1:1101:11076:3780.1	1
ERR619083.M00704:57:000000000-A5HJE:1:1101:8932:8553.1	1
ERR619083.M00704:57:000000000-A5HJE:1:1101:7830:7829.1	1
ERR619083.M00704:57:000000000-A5HJE:1:1101:12709:5798.1	1
ERR619083.M00704:57:000000000-A5HJE:1:1101:16576:5455.1	1
ERR619083.M00704:57:000000000-A5HJE:1:1101:21572:9734.1	1
ERR619083.M00704:57:000000000-A5HJE:1:1101:13568:6750.1	1
ERR619083.M00704:57:000000000-A5HJE:1:1101:17168:9087.1	1
ERR619083.M00704:57:000000000-A5HJE:1:1101:15252:7582.1	1
ERR619083.M00704:57:000000000-A5HJE:1:1101:10384:9605.1	1
ERR619083.M00704:57:000000000-A5HJE:1:1101:17121:6817.1	1
ERR619083.M00704:57:000000000-A5HJE:1:1101:10332:5880.1	1
ERR619083.M00704:57:000000000-A5HJE:1:1101:19200:3240.1	1
ERR619083.M00704:57:000000000-A5HJE:1:1101:26179:8771.1	1
ERR619083.M00704:57:000000000-A5HJE:1:1101:14550:2502.1	1
ERR619083.M00704:57:000000000-A5HJE:1:1101:13463:7797.1	1
ERR619083.M00704:57:000000000-A5HJE:1:1101:15520:10247.1	1
ERR619083.M00704:57:000000000-A5HJE:1:1101:22907:9489.1	1
ERR619083.M00704:57:000000000-A5HJE:1:1101:17743:5066.1	1
ERR619083.M00704:57:000000000-A5HJE:1:1101:22905:8987.1	1
ERR619083.M00704:57:000000000-A5HJE:1:1101:15819:6327.1	1
ERR619083.M00704:57:000000000-A5HJE:1:1101:8161:6414.1	1
ERR619083.M00704:57:000000000-A5HJE:1:1101:15043:5694.1	1
ERR619083.M00704:57:000000000-A5HJE:1:1101:20662:9729.1	1
ERR619083.M00704:57:000000000-A5HJE:1:1101:13127:5660.1	1
ERR619083.M00704:57:000000000-A5HJE:1:1101:4371:9884.1	1
ERR619083.M00704:57:000000000-A5HJE:1:1101:21358:4806.1	1
ERR619083.M00704:57:000000000-A5HJE:1:1101:15376:3512.1	1
ERR619083.M00704:57:000000000-A5HJE:1:1101:20114:6035.1	1
ERR619083.M00704:57:000000000-A5HJE:1:1101:6140:9101.1	1
ERR619083.M00704:57:000000000-A5HJE:1:1101:6825:7795.1	1
ERR619083.M00704:57:000000000-A5HJE:1:1101:24785:8679.1	1
ERR619083.M00704:57:000000000-A5HJE:1:1101:18956:10194.1	1
ERR619083.M00704:57:000000000-A5HJE:1:1101:25507:9680.1	1
ERR619083.M00704:57:000000000-A5HJE:1:1101:14160:5878.1	1
ERR619083.M00704:57:000000000-A5HJE:1:1101:12668:4863.1	1
ERR619083.M00704:57:000000000-A5HJE:1:1101:22531:7588.1	1
ERR619083.M00704:57:000000000-A5HJE:1:1101:17981:6086.1	1
ERR619083.M00704:57:000000000-A5HJE:1:1101:5443:6269.1	1
ERR619083.M00704:57:000000000-A5HJE:1:1101:13479:5041.1	1
ERR619083.M00704:57:000000000-A5HJE:1:1101:7332:9598.1	1
ERR619083.M00704:57:000000000-A5HJE:1:1101:18271:5258.1	1
ERR619083.M00704:57:000000000-A5HJE:1:1101:7154:6885.1	1
ERR619083.M00704:57:000000000-A5HJE:1:1101:17623:10010.1	1
ERR619083.M00704:57:000000000-A5HJE:1:1101:16089:8102.1	1
ERR619083.M00704:57:000000000-A5HJE:1:1101:9820:7477.1	1
ERR619083.M00704:57:000000000-A5HJE:1:1101:11922:5328.1	1
ERR619083.M00704:57:000000000-A5HJE:1:1101:16902:9451.1	1
ERR619083.M00704:57:000000000-A5HJE:1:1101:15159:9557.1	1
ERR619083.M00704:57:000000000-A5HJE:1:1101:17865:9400.1	1
ERR619083.M00704:57:000000000-A5HJE:1:1101:14672:6910.1	1
ERR619083.M00704:57:000000000-A5HJE:1:1101:11085:10053.1	1
ERR619083.M00704:57:000000000-A5HJE:1:1101:8577:3696.1	1
ERR619083.M00704:57:000000000-A5HJE:1:1101:7245:7744.1	1
ERR619083.M00704:57:000000000-A5HJE:1:1101:6916:9731.1	1
ERR619083.M00704:57:000000000-A5HJE:1:1101:18611:7712.1	1
ERR619083.M00704:57:000000000-A5HJE:1:1101:8504:7355.1	1
ERR619083.M00704:57:000000000-A5HJE:1:1101:17246:9827.1	1
ERR619083.M00704:57:000000000-A5HJE:1:1101:14506:7590.1	1
ERR619083.M00704:57:000000000-A5HJE:1:1101:14047:8912.1	1
ERR619083.M00704:57:000000000-A5HJE:1:1101:12639:8361.1	1
ERR619083.M00704:57:000000000-A5HJE:1:1101:27169:9640.1	1
ERR619083.M00704:57:000000000-A5HJE:1:1101:17562:2227.1	1
ERR619083.M00704:57:000000000-A5HJE:1:1101:17362:8470.1	1
ERR619083.M00704:57:000000000-A5HJE:1:1101:8683:8411.1	1
ERR619083.M00704:57:000000000-A5HJE:1:1101:4083:8860.1	1
ERR619083.M00704:57:000000000-A5HJE:1:1101:11997:8762.1	1
ERR619083.M00704:57:000000000-A5HJE:1:1101:5896:9430.1	1
ERR619083.M00704:57:000000000-A5HJE:1:1101:6179:9128.1	1
ERR619083.M00704:57:000000000-A5HJE:1:1101:12934:6063.1	1
ERR619083.M00704:57:000000000-A5HJE:1:1101:16691:8627.1	1
ERR619083.M00704:57:000000000-A5HJE:1:1101:18158:3987.1	1
ERR619083.M00704:57:000000000-A5HJE:1:1101:15619:9900.1	1
ERR619083.M00704:57:000000000-A5HJE:1:1101:19466:6680.1	1
ERR619083.M00704:57:000000000-A5HJE:1:1101:16070:5387.1	1
ERR619083.M00704:57:000000000-A5HJE:1:1101:14396:2041.1	1
ERR619083.M00704:57:000000000-A5HJE:1:1101:14682:5235.1	1
ERR619083.M00704:57:000000000-A5HJE:1:1101:17282:7473.1	1
ERR619083.M00704:57:000000000-A5HJE:1:1101:5287:9926.1	1
ERR619083.M00704:57:000000000-A5HJE:1:1101:9681:9927.1	1
ERR619083.M00704:57:000000000-A5HJE:1:1101:14288:7554.1	1
ERR619083.M00704:57:000000000-A5HJE:1:1101:4213:8809.1	1
ERR619083.M00704:57:000000000-A5HJE:1:1101:8285:10274.1	1
ERR619083.M00704:57:000000000-A5HJE:1:1101:20535:5570.1	1
ERR619083.M00704:57:000000000-A5HJE:1:1101:12984:5132.1	1
ERR619083.M00704:57:000000000-A5HJE:1:1101:20850:9732.1	1
ERR619083.M00704:57:000000000-A5HJE:1:1101:13802:6621.1	1
ERR619083.M00704:57:000000000-A5HJE:1:1101:19191:7053.1	1
ERR619083.M00704:57:000000000-A5HJE:1:1101:6067:5904.1	1
ERR619083.M00704:57:000000000-A5HJE:1:1101:22102:8029.1	1
ERR619083.M00704:57:000000000-A5HJE:1:1101:8431:6309.1	1
ERR619083.M00704:57:000000000-A5HJE:1:1101:23455:8372.1	1
ERR619083.M00704:57:000000000-A5HJE:1:1101:17473:7977.1	1
ERR619083.M00704:57:000000000-A5HJE:1:1101:14175:6108.1	1
ERR619083.M00704:57:000000000-A5HJE:1:1101:18184:8813.1	1
ERR619083.M00704:57:000000000-A5HJE:1:1101:13884:7496.1	1
ERR619083.M00704:57:000000000-A5HJE:1:1101:11659:10271.1	1
ERR619083.M00704:57:000000000-A5HJE:1:1101:16992:3333.1	1
ERR619083.M00704:57:000000000-A5HJE:1:1101:12556:4803.1	1
ERR619083.M00704:57:000000000-A5HJE:1:1101:10819:8647.1	1
ERR619083.M00704:57:000000000-A5HJE:1:1101:9256:9113.1	1
ERR619083.M00704:57:000000000-A5HJE:1:1101:11448:9372.1	1
ERR619083.M00704:57:000000000-A5HJE:1:1101:17039:10298.1	1
ERR619083.M00704:57:000000000-A5HJE:1:1101:13781:10283.1	1
ERR619083.M00704:57:000000000-A5HJE:1:1101:7008:8745.1	1
ERR619083.M00704:57:000000000-A5HJE:1:1101:18192:5453.1	1
ERR619083.M00704:57:000000000-A5HJE:1:1101:9538:5818.1	1
ERR619083.M00704:57:000000000-A5HJE:1:1101:16040:6890.1	1
ERR619083.M00704:57:000000000-A5HJE:1:1101:10352:2733.1	1
ERR619083.M00704:57:000000000-A5HJE:1:1101:23114:10031.1	1
ERR619083.M00704:57:000000000-A5HJE:1:1101:18823:8591.1	1
ERR619083.M00704:57:000000000-A5HJE:1:1101:11057:4996.1	1
ERR619083.M00704:57:000000000-A5HJE:1:1101:22722:9725.1	1
ERR619083.M00704:57:000000000-A5HJE:1:1101:9586:6988.1	1
ERR619083.M00704:57:000000000-A5HJE:1:1101:8876:7652.1	1
ERR619083.M00704:57:000000000-A5HJE:1:1101:12238:2743.1	1
ERR619083.M00704:57:000000000-A5HJE:1:1101:18137:2514.1	1
ERR619083.M00704:57:000000000-A5HJE:1:1101:11079:9711.1	1
ERR619083.M00704:57:000000000-A5HJE:1:1101:18344:9333.1	1
ERR619083.M00704:57:000000000-A5HJE:1:1101:17776:10166.1	1
ERR619083.M00704:57:000000000-A5HJE:1:1101:18952:7389.1	1
ERR619083.M00704:57:000000000-A5HJE:1:1101:21609:9039.1	1
ERR619083.M00704:57:000000000-A5HJE:1:1101:8494:8460.1	1
ERR619083.M00704:57:000000000-A5HJE:1:1101:16520:5087.1	1
ERR619083.M00704:57:000000000-A5HJE:1:1101:15721:7552.1	1
ERR619083.M00704:57:000000000-A5HJE:1:1101:17155:9815.1	1
ERR619083.M00704:57:000000000-A5HJE:1:1101:19199:4509.1	1
ERR619083.M00704:57:000000000-A5HJE:1:1101:6232:6869.1	1
ERR619083.M00704:57:000000000-A5HJE:1:1101:24861:10349.1	1
ERR619083.M00704:57:000000000-A5HJE:1:1101:20239:9791.1	1
ERR619083.M00704:57:000000000-A5HJE:1:1101:17213:5756.1	1
ERR619083.M00704:57:000000000-A5HJE:1:1101:17498:8034.1	1
ERR619083.M00704:57:000000000-A5HJE:1:1101:8373:10136.1	1
ERR619083.M00704:57:000000000-A5HJE:1:1101:15033:4050.1	1
ERR619083.M00704:57:000000000-A5HJE:1:1101:22674:9798.1	1
ERR619083.M00704:57:000000000-A5HJE:1:1101:13770:9093.1	1
ERR619083.M00704:57:000000000-A5HJE:1:1101:10415:8525.1	1
ERR619083.M00704:57:000000000-A5HJE:1:1101:18187:3636.1	1
ERR619083.M00704:57:000000000-A5HJE:1:1101:13823:9546.1	1
ERR619083.M00704:57:000000000-A5HJE:1:1101:10007:8141.1	1
ERR619083.M00704:57:000000000-A5HJE:1:1101:5171:10156.1	1
ERR619083.M00704:57:000000000-A5HJE:1:1101:10698:5141.1	1
ERR619083.M00704:57:000000000-A5HJE:1:1101:11760:6865.1	1
ERR619083.M00704:57:000000000-A5HJE:1:1101:20731:9465.1	1
ERR619083.M00704:57:000000000-A5HJE:1:1101:9362:4880.1	1
ERR619083.M00704:57:000000000-A5HJE:1:1101:13575:2155.1	1
ERR619083.M00704:57:000000000-A5HJE:1:1101:20876:4048.1	1
ERR619083.M00704:57:000000000-A5HJE:1:1101:22073:9030.1	1
ERR619083.M00704:57:000000000-A5HJE:1:1101:8913:3750.1	1
ERR619083.M00704:57:000000000-A5HJE:1:1101:19361:8993.1	1
ERR619083.M00704:57:000000000-A5HJE:1:1101:10019:5306.1	1
ERR619083.M00704:57:000000000-A5HJE:1:1101:23556:9707.1	1
ERR619083.M00704:57:000000000-A5HJE:1:1101:20501:4493.1	1
ERR619083.M00704:57:000000000-A5HJE:1:1101:17131:7016.1	1
ERR619083.M00704:57:000000000-A5HJE:1:1101:8411:4009.1	1
ERR619083.M00704:57:000000000-A5HJE:1:1101:14982:2858.1	1
ERR619083.M00704:57:000000000-A5HJE:1:1101:5241:7907.1	1
ERR619083.M00704:57:000000000-A5HJE:1:1101:11685:9515.1	1
ERR619083.M00704:57:000000000-A5HJE:1:1101:13950:6952.1	1
ERR619083.M00704:57:000000000-A5HJE:1:1101:26197:8673.1	1
ERR619083.M00704:57:000000000-A5HJE:1:1101:15701:10001.1	1
ERR619083.M00704:57:000000000-A5HJE:1:1101:22619:7733.1	1
ERR619083.M00704:57:000000000-A5HJE:1:1101:19581:5807.1	1
ERR619083.M00704:57:000000000-A5HJE:1:1101:21893:8636.1	1
ERR619083.M00704:57:000000000-A5HJE:1:1101:10158:3539.1	1
ERR619083.M00704:57:000000000-A5HJE:1:1101:12088:9443.1	1
ERR619083.M00704:57:000000000-A5HJE:1:1101:16148:5169.1	1
ERR619083.M00704:57:000000000-A5HJE:1:1101:11935:3848.1	1
ERR619083.M00704:57:000000000-A5HJE:1:1101:17178:7172.1	1
ERR619083.M00704:57:000000000-A5HJE:1:1101:23460:9636.1	1
ERR619083.M00704:57:000000000-A5HJE:1:1101:25909:6672.1	1
ERR619083.M00704:57:000000000-A5HJE:1:1101:16214:6673.1	1
ERR619083.M00704:57:000000000-A5HJE:1:1101:22453:9009.1	1
ERR619083.M00704:57:000000000-A5HJE:1:1101:14478:5019.1	1
ERR619083.M00704:57:000000000-A5HJE:1:1101:15326:6576.1	1
ERR619083.M00704:57:000000000-A5HJE:1:1101:22784:9423.1	1
ERR619083.M00704:57:000000000-A5HJE:1:1101:19821:3852.1	1
ERR619083.M00704:57:000000000-A5HJE:1:1101:5428:8846.1	1
ERR619083.M00704:57:000000000-A5HJE:1:1101:24671:8602.1	1
ERR619083.M00704:57:000000000-A5HJE:1:1101:22624:9526.1	1
ERR619083.M00704:57:000000000-A5HJE:1:1101:10253:9451.1	1
ERR619083.M00704:57:000000000-A5HJE:1:1101:17639:3901.1	1
ERR619083.M00704:57:000000000-A5HJE:1:1101:5312:10398.1	1
ERR619083.M00704:57:000000000-A5HJE:1:1101:20578:10133.1	1
ERR619083.M00704:57:000000000-A5HJE:1:1101:14807:9323.1	1
ERR619083.M00704:57:000000000-A5HJE:1:1101:7021:10274.1	1
ERR619083.M00704:57:000000000-A5HJE:1:1101:22380:9984.1	1
ERR619083.M00704:57:000000000-A5HJE:1:1101:7833:9555.1	1
ERR619083.M00704:57:000000000-A5HJE:1:1101:5292:9630.1	1
ERR619083.M00704:57:000000000-A5HJE:1:1101:12818:10005.1	1
ERR619083.M00704:57:000000000-A5HJE:1:1101:27843:9466.1	1
ERR619083.M00704:57:000000000-A5HJE:1:1101:18313:9205.1	1
ERR619083.M00704:57:000000000-A5HJE:1:1101:18322:7259.1	1
ERR619083.M00704:57:000000000-A5HJE:1:1101:9100:10292.1	1
ERR619083.M00704:57:000000000-A5HJE:1:1101:10801:4371.1	1
ERR619083.M00704:57:000000000-A5HJE:1:1101:22291:8643.1	1
ERR619083.M00704:57:000000000-A5HJE:1:1101:15040:4483.1	1
ERR619083.M00704:57:000000000-A5HJE:1:1101:14730:4016.1	1
ERR619083.M00704:57:000000000-A5HJE:1:1101:8478:4769.1	1
ERR619083.M00704:57:000000000-A5HJE:1:1101:24327:9686.1	1
ERR619083.M00704:57:000000000-A5HJE:1:1101:12959:3183.1	1
ERR619083.M00704:57:000000000-A5HJE:1:1101:19453:9251.1	1
ERR619083.M00704:57:000000000-A5HJE:1:1101:9214:5283.1	1
ERR619083.M00704:57:000000000-A5HJE:1:1101:16386:3710.1	1
ERR619083.M00704:57:000000000-A5HJE:1:1101:6845:8644.1	1
ERR619083.M00704:57:000000000-A5HJE:1:1101:22557:9933.1	1
ERR619083.M00704:57:000000000-A5HJE:1:1101:22772:9103.1	1
ERR619083.M00704:57:000000000-A5HJE:1:1101:5468:8050.1	1
ERR619083.M00704:57:000000000-A5HJE:1:1101:6510:8561.1	1
ERR619083.M00704:57:000000000-A5HJE:1:1101:20717:8076.1	1
ERR619083.M00704:57:000000000-A5HJE:1:1101:9296:5697.1	1
ERR619083.M00704:57:000000000-A5HJE:1:1101:8570:8318.1	1
ERR619083.M00704:57:000000000-A5HJE:1:1101:3897:9878.1	1
ERR619083.M00704:57:000000000-A5HJE:1:1101:22638:8932.1	1
ERR619083.M00704:57:000000000-A5HJE:1:1101:6085:9304.1	1
ERR619083.M00704:57:000000000-A5HJE:1:1101:7214:10416.1	1
ERR619083.M00704:57:000000000-A5HJE:1:1101:16918:5450.1	1
ERR619083.M00704:57:000000000-A5HJE:1:1101:7534:8763.1	1
ERR619083.M00704:57:000000000-A5HJE:1:1101:3563:10301.1	1
ERR619083.M00704:57:000000000-A5HJE:1:1101:17587:4049.1	1
ERR619083.M00704:57:000000000-A5HJE:1:1101:18736:9914.1	1
ERR619083.M00704:57:000000000-A5HJE:1:1101:17693:4842.1	1
ERR619083.M00704:57:000000000-A5HJE:1:1101:13357:5445.1	1
ERR619083.M00704:57:000000000-A5HJE:1:1101:16391:5663.1	1
ERR619083.M00704:57:000000000-A5HJE:1:1101:8380:9837.1	1
ERR619083.M00704:57:000000000-A5HJE:1:1101:17383:9565.1	1
ERR619083.M00704:57:000000000-A5HJE:1:1101:12820:3766.1	1
ERR619083.M00704:57:000000000-A5HJE:1:1101:20050:9910.1	1
ERR619083.M00704:57:000000000-A5HJE:1:1101:10253:6688.1	1
ERR619083.M00704:57:000000000-A5HJE:1:1101:16235:3971.1	1
ERR619083.M00704:57:000000000-A5HJE:1:1101:11507:5718.1	1
ERR619083.M00704:57:000000000-A5HJE:1:1101:8190:8634.1	1
ERR619083.M00704:57:000000000-A5HJE:1:1101:11427:7998.1	1
ERR619083.M00704:57:000000000-A5HJE:1:1101:11243:9330.1	1
ERR619083.M00704:57:000000000-A5HJE:1:1101:8124:7711.1	1
ERR619083.M00704:57:000000000-A5HJE:1:1101:14020:8782.1	1
ERR619083.M00704:57:000000000-A5HJE:1:1101:14621:3559.1	1
ERR619083.M00704:57:000000000-A5HJE:1:1101:22126:3996.1	1
ERR619083.M00704:57:000000000-A5HJE:1:1101:19016:8050.1	1
ERR619083.M00704:57:000000000-A5HJE:1:1101:6460:9443.1	1
ERR619083.M00704:57:000000000-A5HJE:1:1101:19184:7440.1	1
ERR619083.M00704:57:000000000-A5HJE:1:1101:25217:10080.1	1
ERR619083.M00704:57:000000000-A5HJE:1:1101:10865:5941.1	2
ERR619083.M00704:57:000000000-A5HJE:1:1101:4587:8698.1	1
ERR619083.M00704:57:000000000-A5HJE:1:1101:13623:10426.1	1
ERR619083.M00704:57:000000000-A5HJE:1:1101:12249:3811.1	1
ERR619083.M00704:57:000000000-A5HJE:1:1101:9002:6197.1	1
ERR619083.M00704:57:000000000-A5HJE:1:1101:24619:9194.1	1
ERR619083.M00704:57:000000000-A5HJE:1:1101:9208:8499.1	1
ERR619083.M00704:57:000000000-A5HJE:1:1101:8348:5141.1	1
ERR619083.M00704:57:000000000-A5HJE:1:1101:20317:8235.1	1
ERR619083.M00704:57:000000000-A5HJE:1:1101:5683:6881.1	1
ERR619083.M00704:57:000000000-A5HJE:1:1101:11387:9130.1	1
ERR619083.M00704:57:000000000-A5HJE:1:1101:13311:8431.1	1
ERR619083.M00704:57:000000000-A5HJE:1:1101:17497:8353.1	1
ERR619083.M00704:57:000000000-A5HJE:1:1101:8957:7759.1	1
ERR619083.M00704:57:000000000-A5HJE:1:1101:17273:8684.1	1
ERR619083.M00704:57:000000000-A5HJE:1:1101:14292:8274.1	1
ERR619083.M00704:57:000000000-A5HJE:1:1101:13376:9184.1	1
ERR619083.M00704:57:000000000-A5HJE:1:1101:17573:4399.1	1
ERR619083.M00704:57:000000000-A5HJE:1:1101:13752:7697.1	1
ERR619083.M00704:57:000000000-A5HJE:1:1101:23247:10083.1	1
ERR619083.M00704:57:000000000-A5HJE:1:1101:21911:4886.1	1
ERR619083.M00704:57:000000000-A5HJE:1:1101:21376:8492.1	1
ERR619083.M00704:57:000000000-A5HJE:1:1101:20094:6947.1	1
ERR619083.M00704:57:000000000-A5HJE:1:1101:10279:9085.1	1
ERR619083.M00704:57:000000000-A5HJE:1:1101:13784:6808.1	1
ERR619083.M00704:57:000000000-A5HJE:1:1101:13832:7737.1	1
ERR619083.M00704:57:000000000-A5HJE:1:1101:13215:6701.1	1
ERR619083.M00704:57:000000000-A5HJE:1:1101:18906:8102.1	1
ERR619083.M00704:57:000000000-A5HJE:1:1101:22502:10193.1	1
ERR619083.M00704:57:000000000-A5HJE:1:1101:7331:7215.1	1
ERR619083.M00704:57:000000000-A5HJE:1:1101:16106:7753.1	1
ERR619083.M00704:57:000000000-A5HJE:1:1101:8196:10094.1	1
ERR619083.M00704:57:000000000-A5HJE:1:1101:19777:5786.1	1
ERR619083.M00704:57:000000000-A5HJE:1:1101:16789:10418.1	1
ERR619083.M00704:57:000000000-A5HJE:1:1101:13969:6326.1	1
ERR619083.M00704:57:000000000-A5HJE:1:1101:16908:8716.1	1
ERR619083.M00704:57:000000000-A5HJE:1:1101:21671:6618.1	1
ERR619083.M00704:57:000000000-A5HJE:1:1101:27793:9351.1	1
ERR619083.M00704:57:000000000-A5HJE:1:1101:13448:5272.1	1
ERR619083.M00704:57:000000000-A5HJE:1:1101:6231:9777.1	1
ERR619083.M00704:57:000000000-A5HJE:1:1101:23653:6394.1	1
ERR619083.M00704:57:000000000-A5HJE:1:1101:9174:7500.1	1
ERR619083.M00704:57:000000000-A5HJE:1:1101:10924:9728.1	1
ERR619083.M00704:57:000000000-A5HJE:1:1101:19949:3179.1	1
ERR619083.M00704:57:000000000-A5HJE:1:1101:21162:4005.1	1
ERR619083.M00704:57:000000000-A5HJE:1:1101:19365:7973.1	1
ERR619083.M00704:57:000000000-A5HJE:1:1101:25665:8233.1	1
ERR619083.M00704:57:000000000-A5HJE:1:1101:20617:9061.1	1
ERR619083.M00704:57:000000000-A5HJE:1:1101:18706:4249.1	1
ERR619083.M00704:57:000000000-A5HJE:1:1101:24522:10168.1	1
ERR619083.M00704:57:000000000-A5HJE:1:1101:8481:10361.1	1
ERR619083.M00704:57:000000000-A5HJE:1:1101:7859:9912.1	1
ERR619083.M00704:57:000000000-A5HJE:1:1101:16436:4535.1	1
ERR619083.M00704:57:000000000-A5HJE:1:1101:12743:5435.1	1
ERR619083.M00704:57:000000000-A5HJE:1:1101:13390:9447.1	1
ERR619083.M00704:57:000000000-A5HJE:1:1101:25960:8991.1	1
ERR619083.M00704:57:000000000-A5HJE:1:1101:4293:8565.1	1
ERR619083.M00704:57:000000000-A5HJE:1:1101:15745:8059.1	1
ERR619083.M00704:57:000000000-A5HJE:1:1101:8321:9125.1	1
ERR619083.M00704:57:000000000-A5HJE:1:1101:15701:5374.1	1
ERR619083.M00704:57:000000000-A5HJE:1:1101:11132:4514.1	1
ERR619083.M00704:57:000000000-A5HJE:1:1101:17895:5526.1	1
ERR619083.M00704:57:000000000-A5HJE:1:1101:18337:5669.1	1
ERR619083.M00704:57:000000000-A5HJE:1:1101:9857:9813.1	1
ERR619083.M00704:57:000000000-A5HJE:1:1101:13597:4552.1	1
ERR619083.M00704:57:000000000-A5HJE:1:1101:9587:8513.1	1
ERR619083.M00704:57:000000000-A5HJE:1:1101:11294:9295.1	1
ERR619083.M00704:57:000000000-A5HJE:1:1101:16721:5353.1	1
ERR619083.M00704:57:000000000-A5HJE:1:1101:11895:6601.1	1
ERR619083.M00704:57:000000000-A5HJE:1:1101:7306:9929.1	1
ERR619083.M00704:57:000000000-A5HJE:1:1101:17525:7981.1	1
ERR619083.M00704:57:000000000-A5HJE:1:1101:17600:8519.1	1
ERR619083.M00704:57:000000000-A5HJE:1:1101:6539:8753.1	1
ERR619083.M00704:57:000000000-A5HJE:1:1101:15562:4615.1	1
ERR619083.M00704:57:000000000-A5HJE:1:1101:7279:9588.1	1
ERR619083.M00704:57:000000000-A5HJE:1:1101:4500:9765.1	1
ERR619083.M00704:57:000000000-A5HJE:1:1101:14105:3118.1	1
ERR619083.M00704:57:000000000-A5HJE:1:1101:9665:9707.1	1
ERR619083.M00704:57:000000000-A5HJE:1:1101:13058:7846.1	1
ERR619083.M00704:57:000000000-A5HJE:1:1101:15698:8497.1	1
ERR619083.M00704:57:000000000-A5HJE:1:1101:17744:6949.1	2
ERR619083.M00704:57:000000000-A5HJE:1:1101:25439:7959.1	1
ERR619083.M00704:57:000000000-A5HJE:1:1101:16112:7945.1	1
ERR619083.M00704:57:000000000-A5HJE:1:1101:7959:8468.1	1
ERR619083.M00704:57:000000000-A5HJE:1:1101:11761:7059.1	1
ERR619083.M00704:57:000000000-A5HJE:1:1101:8753:10274.1	1
ERR619083.M00704:57:000000000-A5HJE:1:1101:9569:7396.1	1
ERR619083.M00704:57:000000000-A5HJE:1:1101:10824:3307.1	1
ERR619083.M00704:57:000000000-A5HJE:1:1101:21036:6352.1	1
ERR619083.M00704:57:000000000-A5HJE:1:1101:21726:7416.1	1
ERR619083.M00704:57:000000000-A5HJE:1:1101:9908:8678.1	1
ERR619083.M00704:57:000000000-A5HJE:1:1101:9041:9079.1	1
ERR619083.M00704:57:000000000-A5HJE:1:1101:11636:5359.1	1
ERR619083.M00704:57:000000000-A5HJE:1:1101:8218:9907.1	1
ERR619083.M00704:57:000000000-A5HJE:1:1101:21649:4728.1	1
ERR619083.M00704:57:000000000-A5HJE:1:1101:14865:5961.1	1
ERR619083.M00704:57:000000000-A5HJE:1:1101:12808:7508.1	1
ERR619083.M00704:57:000000000-A5HJE:1:1101:6954:6310.1	1
ERR619083.M00704:57:000000000-A5HJE:1:1101:10204:2655.1	1
ERR619083.M00704:57:000000000-A5HJE:1:1101:7467:9216.1	1
ERR619083.M00704:57:000000000-A5HJE:1:1101:22718:9183.1	1
ERR619083.M00704:57:000000000-A5HJE:1:1101:17066:6256.1	1
ERR619083.M00704:57:000000000-A5HJE:1:1101:19853:10363.1	1
ERR619083.M00704:57:000000000-A5HJE:1:1101:15941:5558.1	1
ERR619083.M00704:57:000000000-A5HJE:1:1101:18687:8055.1	1
ERR619083.M00704:57:000000000-A5HJE:1:1101:16574:2503.1	1
ERR619083.M00704:57:000000000-A5HJE:1:1101:10177:6004.1	1
ERR619083.M00704:57:000000000-A5HJE:1:1101:9815:5078.1	1
ERR619083.M00704:57:000000000-A5HJE:1:1101:16154:7821.1	1
ERR619083.M00704:57:000000000-A5HJE:1:1101:20037:7641.1	1
ERR619083.M00704:57:000000000-A5HJE:1:1101:7886:9979.1	1
ERR619083.M00704:57:000000000-A5HJE:1:1101:8518:6377.1	1
ERR619083.M00704:57:000000000-A5HJE:1:1101:13825:6118.1	1
ERR619083.M00704:57:000000000-A5HJE:1:1101:18372:5520.1	1
ERR619083.M00704:57:000000000-A5HJE:1:1101:12137:8723.1	1
ERR619083.M00704:57:000000000-A5HJE:1:1101:6170:10160.1	1
ERR619083.M00704:57:000000000-A5HJE:1:1101:19844:3188.1	1
ERR619083.M00704:57:000000000-A5HJE:1:1101:7605:9515.1	1
ERR619083.M00704:57:000000000-A5HJE:1:1101:17194:5588.1	1
ERR619083.M00704:57:000000000-A5HJE:1:1101:23073:8083.1	1
ERR619083.M00704:57:000000000-A5HJE:1:1101:9117:8690.1	1
ERR619083.M00704:57:000000000-A5HJE:1:1101:23571:8981.1	1
ERR619083.M00704:57:000000000-A5HJE:1:1101:18109:9322.1	1
ERR619083.M00704:57:000000000-A5HJE:1:1101:7139:10076.1	1
ERR619083.M00704:57:000000000-A5HJE:1:1101:11689:2395.1	1
ERR619083.M00704:57:000000000-A5HJE:1:1101:24365:8356.1	1
ERR619083.M00704:57:000000000-A5HJE:1:1101:9355:4632.1	1
ERR619083.M00704:57:000000000-A5HJE:1:1101:19618:8113.1	1
ERR619083.M00704:57:000000000-A5HJE:1:1101:7832:7460.1	1
ERR619083.M00704:57:000000000-A5HJE:1:1101:10944:3757.1	1
ERR619083.M00704:57:000000000-A5HJE:1:1101:14222:6768.1	1
ERR619083.M00704:57:000000000-A5HJE:1:1101:7501:5059.1	1
ERR619083.M00704:57:000000000-A5HJE:1:1101:11412:7660.1	1
ERR619083.M00704:57:000000000-A5HJE:1:1101:6876:8366.1	1
ERR619083.M00704:57:000000000-A5HJE:1:1101:10300:8448.1	1
ERR619083.M00704:57:000000000-A5HJE:1:1101:13176:7882.1	1
ERR619083.M00704:57:000000000-A5HJE:1:1101:8328:7987.1	1
ERR619083.M00704:57:000000000-A5HJE:1:1101:7642:5966.1	1
ERR619083.M00704:57:000000000-A5HJE:1:1101:15791:4632.1	1
ERR619083.M00704:57:000000000-A5HJE:1:1101:9196:5138.1	1
ERR619083.M00704:57:000000000-A5HJE:1:1101:7178:9222.1	1
ERR619083.M00704:57:000000000-A5HJE:1:1101:14144:9666.1	1
ERR619083.M00704:57:000000000-A5HJE:1:1101:20759:9841.1	1
ERR619083.M00704:57:000000000-A5HJE:1:1101:10795:9754.1	1
ERR619083.M00704:57:000000000-A5HJE:1:1101:12030:2004.1	1
ERR619083.M00704:57:000000000-A5HJE:1:1101:14236:2863.1	1
ERR619083.M00704:57:000000000-A5HJE:1:1101:19506:7648.1	1
ERR619083.M00704:57:000000000-A5HJE:1:1101:15885:2354.1	1
ERR619083.M00704:57:000000000-A5HJE:1:1101:12031:6951.1	1
ERR619083.M00704:57:000000000-A5HJE:1:1101:4816:9074.1	1
ERR619083.M00704:57:000000000-A5HJE:1:1101:17953:5178.1	1
ERR619083.M00704:57:000000000-A5HJE:1:1101:7565:7396.1	2
ERR619083.M00704:57:000000000-A5HJE:1:1101:25017:9913.1	1
ERR619083.M00704:57:000000000-A5HJE:1:1101:12594:8488.1	1
ERR619083.M00704:57:000000000-A5HJE:1:1101:19485:4939.1	1
ERR619083.M00704:57:000000000-A5HJE:1:1101:12959:9808.1	1
ERR619083.M00704:57:000000000-A5HJE:1:1101:20844:8462.1	1
ERR619083.M00704:57:000000000-A5HJE:1:1101:23783:8058.1	1
ERR619083.M00704:57:000000000-A5HJE:1:1101:8067:8441.1	1
ERR619083.M00704:57:000000000-A5HJE:1:1101:17494:7832.1	1
ERR619083.M00704:57:000000000-A5HJE:1:1101:5783:9475.1	1
ERR619083.M00704:57:000000000-A5HJE:1:1101:14742:8171.1	1
ERR619083.M00704:57:000000000-A5HJE:1:1101:4637:8629.1	1
ERR619083.M00704:57:000000000-A5HJE:1:1101:13395:7574.1	1
ERR619083.M00704:57:000000000-A5HJE:1:1101:18159:8096.1	1
ERR619083.M00704:57:000000000-A5HJE:1:1101:16971:5553.1	1
ERR619083.M00704:57:000000000-A5HJE:1:1101:24388:5458.1	1
ERR619083.M00704:57:000000000-A5HJE:1:1101:21997:4744.1	1
ERR619083.M00704:57:000000000-A5HJE:1:1101:14958:4023.1	1
ERR619083.M00704:57:000000000-A5HJE:1:1101:20246:7948.1	1
ERR619083.M00704:57:000000000-A5HJE:1:1101:19785:10341.1	1
ERR619083.M00704:57:000000000-A5HJE:1:1101:15146:8543.1	1
ERR619083.M00704:57:000000000-A5HJE:1:1101:12736:6999.1	1
ERR619083.M00704:57:000000000-A5HJE:1:1101:12099:9570.1	1
ERR619083.M00704:57:000000000-A5HJE:1:1101:14006:4015.1	1
ERR619083.M00704:57:000000000-A5HJE:1:1101:7352:8955.1	1
ERR619083.M00704:57:000000000-A5HJE:1:1101:14576:7243.1	1
ERR619083.M00704:57:000000000-A5HJE:1:1101:19441:4924.1	1
ERR619083.M00704:57:000000000-A5HJE:1:1101:11356:9919.1	1
ERR619083.M00704:57:000000000-A5HJE:1:1101:11317:10395.1	1
ERR619083.M00704:57:000000000-A5HJE:1:1101:8637:8622.1	1
ERR619083.M00704:57:000000000-A5HJE:1:1101:7255:9961.1	1
ERR619083.M00704:57:000000000-A5HJE:1:1101:17703:5691.1	1
ERR619083.M00704:57:000000000-A5HJE:1:1101:26804:7704.1	1
ERR619083.M00704:57:000000000-A5HJE:1:1101:14270:9828.1	1
ERR619083.M00704:57:000000000-A5HJE:1:1101:9726:3180.1	2
ERR619083.M00704:57:000000000-A5HJE:1:1101:23285:6326.1	1
ERR619083.M00704:57:000000000-A5HJE:1:1101:14161:6228.1	1
ERR619083.M00704:57:000000000-A5HJE:1:1101:8891:5361.1	1
ERR619083.M00704:57:000000000-A5HJE:1:1101:13460:9421.1	1
ERR619083.M00704:57:000000000-A5HJE:1:1101:14051:2403.1	1
ERR619083.M00704:57:000000000-A5HJE:1:1101:21449:7248.1	1
ERR619083.M00704:57:000000000-A5HJE:1:1101:13867:2303.1	1
ERR619083.M00704:57:000000000-A5HJE:1:1101:13681:6004.1	1
ERR619083.M00704:57:000000000-A5HJE:1:1101:14954:5059.1	1
ERR619083.M00704:57:000000000-A5HJE:1:1101:6724:4974.1	1
ERR619083.M00704:57:000000000-A5HJE:1:1101:18079:4337.1	1
ERR619083.M00704:57:000000000-A5HJE:1:1101:6970:9309.1	1
ERR619083.M00704:57:000000000-A5HJE:1:1101:9649:8632.1	1
ERR619083.M00704:57:000000000-A5HJE:1:1101:4565:10325.1	1
ERR619083.M00704:57:000000000-A5HJE:1:1101:15559:7252.1	1
ERR619083.M00704:57:000000000-A5HJE:1:1101:11266:8878.1	1
ERR619083.M00704:57:000000000-A5HJE:1:1101:21173:8065.1	1
ERR619083.M00704:57:000000000-A5HJE:1:1101:23585:8031.1	1
ERR619083.M00704:57:000000000-A5HJE:1:1101:12409:6382.1	1
ERR619083.M00704:57:000000000-A5HJE:1:1101:11698:4191.1	1
ERR619083.M00704:57:000000000-A5HJE:1:1101:14752:8622.1	1
ERR619083.M00704:57:000000000-A5HJE:1:1101:13558:3540.1	1
ERR619083.M00704:57:000000000-A5HJE:1:1101:19650:2831.1	1
ERR619083.M00704:57:000000000-A5HJE:1:1101:18253:4452.1	1
ERR619083.M00704:57:000000000-A5HJE:1:1101:10629:7972.1	1
ERR619083.M00704:57:000000000-A5HJE:1:1101:8204:9824.1	1
ERR619083.M00704:57:000000000-A5HJE:1:1101:12903:10116.1	1
ERR619083.M00704:57:000000000-A5HJE:1:1101:5151:8318.1	1
ERR619083.M00704:57:000000000-A5HJE:1:1101:28341:10048.1	1
ERR619083.M00704:57:000000000-A5HJE:1:1101:8266:3755.1	1
ERR619083.M00704:57:000000000-A5HJE:1:1101:17242:2300.1	1
ERR619083.M00704:57:000000000-A5HJE:1:1101:8860:10099.1	1
ERR619083.M00704:57:000000000-A5HJE:1:1101:13886:5536.1	1
ERR619083.M00704:57:000000000-A5HJE:1:1101:5898:7073.1	1
ERR619083.M00704:57:000000000-A5HJE:1:1101:14315:5842.1	1
ERR619083.M00704:57:000000000-A5HJE:1:1101:8018:5045.1	1
ERR619083.M00704:57:000000000-A5HJE:1:1101:14535:5052.1	1
ERR619083.M00704:57:000000000-A5HJE:1:1101:12400:7193.1	1
ERR619083.M00704:57:000000000-A5HJE:1:1101:8176:8413.1	1
ERR619083.M00704:57:000000000-A5HJE:1:1101:18145:4015.1	1
ERR619083.M00704:57:000000000-A5HJE:1:1101:7419:7305.1	1
ERR619083.M00704:57:000000000-A5HJE:1:1101:3598:8522.1	1
ERR619083.M00704:57:000000000-A5HJE:1:1101:11197:9265.1	1
ERR619083.M00704:57:000000000-A5HJE:1:1101:7644:8966.1	1
ERR619083.M00704:57:000000000-A5HJE:1:1101:12690:3060.1	1
ERR619083.M00704:57:000000000-A5HJE:1:1101:4162:10087.1	1
ERR619083.M00704:57:000000000-A5HJE:1:1101:9227:9571.1	1
ERR619083.M00704:57:000000000-A5HJE:1:1101:12538:6608.1	1
ERR619083.M00704:57:000000000-A5HJE:1:1101:12383:8911.1	1
ERR619083.M00704:57:000000000-A5HJE:1:1101:12068:3668.1	1
ERR619083.M00704:57:000000000-A5HJE:1:1101:10204:9321.1	1
ERR619083.M00704:57:000000000-A5HJE:1:1101:9633:5911.1	1
ERR619083.M00704:57:000000000-A5HJE:1:1101:14028:8531.1	1
ERR619083.M00704:57:000000000-A5HJE:1:1101:12522:6804.1	1
ERR619083.M00704:57:000000000-A5HJE:1:1101:23613:8558.1	1
ERR619083.M00704:57:000000000-A5HJE:1:1101:22179:8801.1	1
ERR619083.M00704:57:000000000-A5HJE:1:1101:14686:3817.1	1
ERR619083.M00704:57:000000000-A5HJE:1:1101:21076:9434.1	1
ERR619083.M00704:57:000000000-A5HJE:1:1101:16380:3338.1	1
ERR619083.M00704:57:000000000-A5HJE:1:1101:15431:6188.1	1
ERR619083.M00704:57:000000000-A5HJE:1:1101:16502:9044.1	1
ERR619083.M00704:57:000000000-A5HJE:1:1101:25741:10175.1	1
ERR619083.M00704:57:000000000-A5HJE:1:1101:7436:5170.1	1
ERR619083.M00704:57:000000000-A5HJE:1:1101:16904:4668.1	1
ERR619083.M00704:57:000000000-A5HJE:1:1101:10143:3428.1	1
ERR619083.M00704:57:000000000-A5HJE:1:1101:7444:7188.1	1
ERR619083.M00704:57:000000000-A5HJE:1:1101:7627:8956.1	1
ERR619083.M00704:57:000000000-A5HJE:1:1101:10855:6809.1	1
ERR619083.M00704:57:000000000-A5HJE:1:1101:15072:7634.1	1
ERR619083.M00704:57:000000000-A5HJE:1:1101:17087:7848.1	1
ERR619083.M00704:57:000000000-A5HJE:1:1101:10853:3205.1	1
ERR619083.M00704:57:000000000-A5HJE:1:1101:22400:9720.1	1
ERR619083.M00704:57:000000000-A5HJE:1:1101:20380:6235.1	1
ERR619083.M00704:57:000000000-A5HJE:1:1101:12870:9607.1	1
ERR619083.M00704:57:000000000-A5HJE:1:1101:14132:4883.1	1
ERR619083.M00704:57:000000000-A5HJE:1:1101:12024:8140.1	1
ERR619083.M00704:57:000000000-A5HJE:1:1101:21603:3621.1	1
ERR619083.M00704:57:000000000-A5HJE:1:1101:17089:7257.1	1
ERR619083.M00704:57:000000000-A5HJE:1:1101:17890:4125.1	1
ERR619083.M00704:57:000000000-A5HJE:1:1101:26412:9377.1	1
ERR619083.M00704:57:000000000-A5HJE:1:1101:15298:8537.1	1
ERR619083.M00704:57:000000000-A5HJE:1:1101:20989:6877.1	1
ERR619083.M00704:57:000000000-A5HJE:1:1101:23137:9823.1	1
ERR619083.M00704:57:000000000-A5HJE:1:1101:12090:3464.1	1
ERR619083.M00704:57:000000000-A5HJE:1:1101:20280:7118.1	1
ERR619083.M00704:57:000000000-A5HJE:1:1101:20280:9635.1	1
ERR619083.M00704:57:000000000-A5HJE:1:1101:12847:8736.1	1
ERR619083.M00704:57:000000000-A5HJE:1:1101:7036:6999.1	1
ERR619083.M00704:57:000000000-A5HJE:1:1101:13045:2680.1	1
ERR619083.M00704:57:000000000-A5HJE:1:1101:13141:9111.1	1
ERR619083.M00704:57:000000000-A5HJE:1:1101:10242:3329.1	1
ERR619083.M00704:57:000000000-A5HJE:1:1101:11496:3086.1	1
ERR619083.M00704:57:000000000-A5HJE:1:1101:18670:4537.1	1
ERR619083.M00704:57:000000000-A5HJE:1:1101:13985:2543.1	1
ERR619083.M00704:57:000000000-A5HJE:1:1101:24788:10254.1	1
ERR619083.M00704:57:000000000-A5HJE:1:1101:14577:3548.1	1
ERR619083.M00704:57:000000000-A5HJE:1:1101:11675:9119.1	1
ERR619083.M00704:57:000000000-A5HJE:1:1101:25007:9067.1	1
ERR619083.M00704:57:000000000-A5HJE:1:1101:13428:5046.1	1
ERR619083.M00704:57:000000000-A5HJE:1:1101:14868:3940.1	1
ERR619083.M00704:57:000000000-A5HJE:1:1101:16936:9734.1	1
ERR619083.M00704:57:000000000-A5HJE:1:1101:10024:3677.1	1
ERR619083.M00704:57:000000000-A5HJE:1:1101:10478:2946.1	1
ERR619083.M00704:57:000000000-A5HJE:1:1101:7470:10288.1	1
ERR619083.M00704:57:000000000-A5HJE:1:1101:19888:3497.1	1
ERR619083.M00704:57:000000000-A5HJE:1:1101:14491:7978.1	1
ERR619083.M00704:57:000000000-A5HJE:1:1101:9247:4933.1	1
ERR619083.M00704:57:000000000-A5HJE:1:1101:15626:7198.1	1
ERR619083.M00704:57:000000000-A5HJE:1:1101:6202:9601.1	1
ERR619083.M00704:57:000000000-A5HJE:1:1101:10182:9659.1	1
ERR619083.M00704:57:000000000-A5HJE:1:1101:16426:2626.1	1
ERR619083.M00704:57:000000000-A5HJE:1:1101:9670:7333.1	1
ERR619083.M00704:57:000000000-A5HJE:1:1101:23697:9103.1	1
ERR619083.M00704:57:000000000-A5HJE:1:1101:7100:9848.1	1
ERR619083.M00704:57:000000000-A5HJE:1:1101:14788:4194.1	1
ERR619083.M00704:57:000000000-A5HJE:1:1101:10543:3372.1	1
ERR619083.M00704:57:000000000-A5HJE:1:1101:5377:9062.1	1
ERR619083.M00704:57:000000000-A5HJE:1:1101:17075:8714.1	1
ERR619083.M00704:57:000000000-A5HJE:1:1101:8097:8710.1	1
ERR619083.M00704:57:000000000-A5HJE:1:1101:13315:1761.1	1
ERR619083.M00704:57:000000000-A5HJE:1:1101:10286:6580.1	1
ERR619083.M00704:57:000000000-A5HJE:1:1101:20560:6145.1	1
ERR619083.M00704:57:000000000-A5HJE:1:1101:20320:9990.1	1
ERR619083.M00704:57:000000000-A5HJE:1:1101:12418:10051.1	1
ERR619083.M00704:57:000000000-A5HJE:1:1101:11969:6382.1	1
ERR619083.M00704:57:000000000-A5HJE:1:1101:16686:7415.1	1
ERR619083.M00704:57:000000000-A5HJE:1:1101:11967:7390.1	1
ERR619083.M00704:57:000000000-A5HJE:1:1101:16867:4399.1	1
ERR619083.M00704:57:000000000-A5HJE:1:1101:11976:7164.1	1
ERR619083.M00704:57:000000000-A5HJE:1:1101:15995:7162.1	1
ERR619083.M00704:57:000000000-A5HJE:1:1101:10408:10275.1	1
ERR619083.M00704:57:000000000-A5HJE:1:1101:7022:9488.1	1
ERR619083.M00704:57:000000000-A5HJE:1:1101:11298:9429.1	1
ERR619083.M00704:57:000000000-A5HJE:1:1101:11718:5102.1	1
ERR619083.M00704:57:000000000-A5HJE:1:1101:9119:8224.1	1
ERR619083.M00704:57:000000000-A5HJE:1:1101:8231:7352.1	1
ERR619083.M00704:57:000000000-A5HJE:1:1101:18318:7820.1	1
ERR619083.M00704:57:000000000-A5HJE:1:1101:14589:7986.1	1
ERR619083.M00704:57:000000000-A5HJE:1:1101:10155:6027.1	1
ERR619083.M00704:57:000000000-A5HJE:1:1101:20646:9953.1	1
ERR619083.M00704:57:000000000-A5HJE:1:1101:16921:6452.1	1
ERR619083.M00704:57:000000000-A5HJE:1:1101:8992:9104.1	1
ERR619083.M00704:57:000000000-A5HJE:1:1101:17463:10354.1	1
ERR619083.M00704:57:000000000-A5HJE:1:1101:25474:9443.1	1
ERR619083.M00704:57:000000000-A5HJE:1:1101:14162:8982.1	1
ERR619083.M00704:57:000000000-A5HJE:1:1101:12991:9027.1	1
ERR619083.M00704:57:000000000-A5HJE:1:1101:11865:3446.1	1
ERR619083.M00704:57:000000000-A5HJE:1:1101:10435:7603.1	1
ERR619083.M00704:57:000000000-A5HJE:1:1101:18519:7814.1	1
ERR619083.M00704:57:000000000-A5HJE:1:1101:16692:2219.1	1
ERR619083.M00704:57:000000000-A5HJE:1:1101:13771:4779.1	1
ERR619083.M00704:57:000000000-A5HJE:1:1101:15357:7180.1	1
ERR619083.M00704:57:000000000-A5HJE:1:1101:16376:8445.1	1
ERR619083.M00704:57:000000000-A5HJE:1:1101:14409:5256.1	1
ERR619083.M00704:57:000000000-A5HJE:1:1101:15943:5178.1	1
ERR619083.M00704:57:000000000-A5HJE:1:1101:19918:9532.1	1
ERR619083.M00704:57:000000000-A5HJE:1:1101:15026:7678.1	1
ERR619083.M00704:57:000000000-A5HJE:1:1101:15138:5195.1	1
ERR619083.M00704:57:000000000-A5HJE:1:1101:16821:2780.1	1
ERR619083.M00704:57:000000000-A5HJE:1:1101:14930:8743.1	1
ERR619083.M00704:57:000000000-A5HJE:1:1101:20236:8848.1	1
ERR619083.M00704:57:000000000-A5HJE:1:1101:11567:7499.1	1
ERR619083.M00704:57:000000000-A5HJE:1:1101:8046:9885.1	1
ERR619083.M00704:57:000000000-A5HJE:1:1101:15385:9930.1	1
ERR619083.M00704:57:000000000-A5HJE:1:1101:16022:9395.1	1
ERR619083.M00704:57:000000000-A5HJE:1:1101:14111:9726.1	1
ERR619083.M00704:57:000000000-A5HJE:1:1101:20703:8835.1	1
ERR619083.M00704:57:000000000-A5HJE:1:1101:12017:2126.1	1
ERR619083.M00704:57:000000000-A5HJE:1:1101:20068:6345.1	1
ERR619083.M00704:57:000000000-A5HJE:1:1101:11964:8253.1	1
ERR619083.M00704:57:000000000-A5HJE:1:1101:19793:10124.1	1
ERR619083.M00704:57:000000000-A5HJE:1:1101:10920:7293.1	1
ERR619083.M00704:57:000000000-A5HJE:1:1101:11603:3406.1	1
ERR619083.M00704:57:000000000-A5HJE:1:1101:8720:4806.1	1
ERR619083.M00704:57:000000000-A5HJE:1:1101:10351:10132.1	1
ERR619083.M00704:57:000000000-A5HJE:1:1101:16735:9973.1	1
ERR619083.M00704:57:000000000-A5HJE:1:1101:10837:10365.1	1
ERR619083.M00704:57:000000000-A5HJE:1:1101:15896:9654.1	1
ERR619083.M00704:57:000000000-A5HJE:1:1101:11815:6640.1	1
ERR619083.M00704:57:000000000-A5HJE:1:1101:19903:10092.1	1
ERR619083.M00704:57:000000000-A5HJE:1:1101:3678:8561.1	1
ERR619083.M00704:57:000000000-A5HJE:1:1101:10118:9099.1	1
ERR619083.M00704:57:000000000-A5HJE:1:1101:16412:8611.1	1
ERR619083.M00704:57:000000000-A5HJE:1:1101:21551:9733.1	1
ERR619083.M00704:57:000000000-A5HJE:1:1101:11796:8091.1	1
ERR619083.M00704:57:000000000-A5HJE:1:1101:14968:8758.1	1
ERR619083.M00704:57:000000000-A5HJE:1:1101:17273:7913.1	1
ERR619083.M00704:57:000000000-A5HJE:1:1101:21806:7454.1	1
ERR619083.M00704:57:000000000-A5HJE:1:1101:20582:8384.1	1
ERR619083.M00704:57:000000000-A5HJE:1:1101:19091:9617.1	1
ERR619083.M00704:57:000000000-A5HJE:1:1101:8897:3144.1	1
ERR619083.M00704:57:000000000-A5HJE:1:1101:16717:4022.1	1
ERR619083.M00704:57:000000000-A5HJE:1:1101:16510:7203.1	1
ERR619083.M00704:57:000000000-A5HJE:1:1101:8734:7277.1	1
ERR619083.M00704:57:000000000-A5HJE:1:1101:14474:4675.1	1
ERR619083.M00704:57:000000000-A5HJE:1:1101:4690:9032.1	1
ERR619083.M00704:57:000000000-A5HJE:1:1101:10056:10092.1	1
ERR619083.M00704:57:000000000-A5HJE:1:1101:19296:7379.1	1
ERR619083.M00704:57:000000000-A5HJE:1:1101:19503:6879.1	1
ERR619083.M00704:57:000000000-A5HJE:1:1101:5361:9739.1	1
ERR619083.M00704:57:000000000-A5HJE:1:1101:15667:8377.1	1
ERR619083.M00704:57:000000000-A5HJE:1:1101:7305:9189.1	1
ERR619083.M00704:57:000000000-A5HJE:1:1101:18546:10257.1	1
ERR619083.M00704:57:000000000-A5HJE:1:1101:3730:9179.1	1
ERR619083.M00704:57:000000000-A5HJE:1:1101:15400:8496.1	1
ERR619083.M00704:57:000000000-A5HJE:1:1101:10855:4491.1	1
ERR619083.M00704:57:000000000-A5HJE:1:1101:17002:8338.1	1
ERR619083.M00704:57:000000000-A5HJE:1:1101:3784:9685.1	1
ERR619083.M00704:57:000000000-A5HJE:1:1101:19796:7797.1	1
ERR619083.M00704:57:000000000-A5HJE:1:1101:16027:4458.1	1
ERR619083.M00704:57:000000000-A5HJE:1:1101:7674:10122.1	1
ERR619083.M00704:57:000000000-A5HJE:1:1101:15217:6887.1	1
ERR619083.M00704:57:000000000-A5HJE:1:1101:15696:10376.1	1
ERR619083.M00704:57:000000000-A5HJE:1:1101:11026:9600.1	1
ERR619083.M00704:57:000000000-A5HJE:1:1101:6782:8224.1	1
ERR619083.M00704:57:000000000-A5HJE:1:1101:11407:6107.1	1
ERR619083.M00704:57:000000000-A5HJE:1:1101:10770:6415.1	1
ERR619083.M00704:57:000000000-A5HJE:1:1101:12872:4385.1	1
ERR619083.M00704:57:000000000-A5HJE:1:1101:12521:9348.1	1
ERR619083.M00704:57:000000000-A5HJE:1:1101:12259:9629.1	1
ERR619083.M00704:57:000000000-A5HJE:1:1101:10828:7597.1	1
ERR619083.M00704:57:000000000-A5HJE:1:1101:19415:3154.1	1
ERR619083.M00704:57:000000000-A5HJE:1:1101:17408:4506.1	1
ERR619083.M00704:57:000000000-A5HJE:1:1101:3442:9871.1	1
ERR619083.M00704:57:000000000-A5HJE:1:1101:14374:7526.1	1
ERR619083.M00704:57:000000000-A5HJE:1:1101:17235:4482.1	1
ERR619083.M00704:57:000000000-A5HJE:1:1101:9964:6868.1	1
ERR619083.M00704:57:000000000-A5HJE:1:1101:9242:6298.1	1
ERR619083.M00704:57:000000000-A5HJE:1:1101:19862:7133.1	1
ERR619083.M00704:57:000000000-A5HJE:1:1101:18848:8773.1	1
ERR619083.M00704:57:000000000-A5HJE:1:1101:19791:4741.1	1
ERR619083.M00704:57:000000000-A5HJE:1:1101:11226:5840.1	1
ERR619083.M00704:57:000000000-A5HJE:1:1101:10372:4158.1	1
ERR619083.M00704:57:000000000-A5HJE:1:1101:9646:10136.1	1
ERR619083.M00704:57:000000000-A5HJE:1:1101:22442:7898.1	1
ERR619083.M00704:57:000000000-A5HJE:1:1101:17356:2151.1	1
ERR619083.M00704:57:000000000-A5HJE:1:1101:20086:5645.1	1
ERR619083.M00704:57:000000000-A5HJE:1:1101:8787:8713.1	1
ERR619083.M00704:57:000000000-A5HJE:1:1101:7935:9404.1	1
ERR619083.M00704:57:000000000-A5HJE:1:1101:9825:7963.1	1
ERR619083.M00704:57:000000000-A5HJE:1:1101:16354:5293.1	1
ERR619083.M00704:57:000000000-A5HJE:1:1101:8036:6395.1	1
ERR619083.M00704:57:000000000-A5HJE:1:1101:10787:7464.1	1
ERR619083.M00704:57:000000000-A5HJE:1:1101:16449:7616.1	1
ERR619083.M00704:57:000000000-A5HJE:1:1101:9491:3048.1	1
ERR619083.M00704:57:000000000-A5HJE:1:1101:8666:7339.1	1
ERR619083.M00704:57:000000000-A5HJE:1:1101:4248:9881.1	1
ERR619083.M00704:57:000000000-A5HJE:1:1101:12536:3935.1	1
ERR619083.M00704:57:000000000-A5HJE:1:1101:8446:7753.1	1
ERR619083.M00704:57:000000000-A5HJE:1:1101:17626:5426.1	1
ERR619083.M00704:57:000000000-A5HJE:1:1101:11729:4195.1	1
ERR619083.M00704:57:000000000-A5HJE:1:1101:7385:8015.1	1
ERR619083.M00704:57:000000000-A5HJE:1:1101:10300:9194.1	1
ERR619083.M00704:57:000000000-A5HJE:1:1101:18412:9959.1	1
ERR619083.M00704:57:000000000-A5HJE:1:1101:11832:3355.1	1
ERR619083.M00704:57:000000000-A5HJE:1:1101:19498:6993.1	1
ERR619083.M00704:57:000000000-A5HJE:1:1101:9700:9053.1	1
ERR619083.M00704:57:000000000-A5HJE:1:1101:14788:8706.1	1
ERR619083.M00704:57:000000000-A5HJE:1:1101:19191:9478.1	1
ERR619083.M00704:57:000000000-A5HJE:1:1101:11743:6594.1	1
ERR619083.M00704:57:000000000-A5HJE:1:1101:12229:2371.1	1
ERR619083.M00704:57:000000000-A5HJE:1:1101:13154:5436.1	1
ERR619083.M00704:57:000000000-A5HJE:1:1101:18780:3670.1	1
ERR619083.M00704:57:000000000-A5HJE:1:1101:27146:9662.1	1
ERR619083.M00704:57:000000000-A5HJE:1:1101:12527:9399.1	1
ERR619083.M00704:57:000000000-A5HJE:1:1101:24653:8236.1	1
ERR619083.M00704:57:000000000-A5HJE:1:1101:17189:5250.1	1
ERR619083.M00704:57:000000000-A5HJE:1:1101:12000:2130.1	1
ERR619083.M00704:57:000000000-A5HJE:1:1101:24176:10333.1	1
ERR619083.M00704:57:000000000-A5HJE:1:1101:12514:6771.1	1
ERR619083.M00704:57:000000000-A5HJE:1:1101:19504:1934.1	1
ERR619083.M00704:57:000000000-A5HJE:1:1101:5758:9838.1	1
ERR619083.M00704:57:000000000-A5HJE:1:1101:10175:8246.1	1
ERR619083.M00704:57:000000000-A5HJE:1:1101:25340:9993.1	1
ERR619083.M00704:57:000000000-A5HJE:1:1101:16741:6431.1	1
ERR619083.M00704:57:000000000-A5HJE:1:1101:5937:8808.1	1
ERR619083.M00704:57:000000000-A5HJE:1:1101:12788:6821.1	1
ERR619083.M00704:57:000000000-A5HJE:1:1101:14042:3793.1	1
ERR619083.M00704:57:000000000-A5HJE:1:1101:11880:8325.1	1
ERR619083.M00704:57:000000000-A5HJE:1:1101:4795:9374.1	1
ERR619083.M00704:57:000000000-A5HJE:1:1101:4336:8147.1	1
ERR619083.M00704:57:000000000-A5HJE:1:1101:22028:10323.1	1
ERR619083.M00704:57:000000000-A5HJE:1:1101:6645:10129.1	1
ERR619083.M00704:57:000000000-A5HJE:1:1101:8438:8089.1	1
ERR619083.M00704:57:000000000-A5HJE:1:1101:17105:7422.1	1
ERR619083.M00704:57:000000000-A5HJE:1:1101:16848:9461.1	1
ERR619083.M00704:57:000000000-A5HJE:1:1101:11519:6148.1	1
ERR619083.M00704:57:000000000-A5HJE:1:1101:17000:8776.1	1
ERR619083.M00704:57:000000000-A5HJE:1:1101:11795:8188.1	1
ERR619083.M00704:57:000000000-A5HJE:1:1101:21448:8404.1	1
ERR619083.M00704:57:000000000-A5HJE:1:1101:15849:7324.1	1
ERR619083.M00704:57:000000000-A5HJE:1:1101:14659:4624.1	1
ERR619083.M00704:57:000000000-A5HJE:1:1101:5234:9010.1	1
ERR619083.M00704:57:000000000-A5HJE:1:1101:14232:2913.1	1
ERR619083.M00704:57:000000000-A5HJE:1:1101:15244:4030.1	1
ERR619083.M00704:57:000000000-A5HJE:1:1101:19355:10182.1	1
ERR619083.M00704:57:000000000-A5HJE:1:1101:8945:3721.1	1
ERR619083.M00704:57:000000000-A5HJE:1:1101:18121:9963.1	1
ERR619083.M00704:57:000000000-A5HJE:1:1101:14150:9720.1	1
ERR619083.M00704:57:000000000-A5HJE:1:1101:13712:4072.1	1
ERR619083.M00704:57:000000000-A5HJE:1:1101:23445:9250.1	1
ERR619083.M00704:57:000000000-A5HJE:1:1101:19050:6420.1	1
ERR619083.M00704:57:000000000-A5HJE:1:1101:9676:7392.1	1
ERR619083.M00704:57:000000000-A5HJE:1:1101:23539:9337.1	1
ERR619083.M00704:57:000000000-A5HJE:1:1101:10125:3324.1	1
ERR619083.M00704:57:000000000-A5HJE:1:1101:10517:7032.1	1
ERR619083.M00704:57:000000000-A5HJE:1:1101:23567:8325.1	1
ERR619083.M00704:57:000000000-A5HJE:1:1101:8303:5684.1	1
ERR619083.M00704:57:000000000-A5HJE:1:1101:13066:10053.1	1
ERR619083.M00704:57:000000000-A5HJE:1:1101:5205:10420.1	1
ERR619083.M00704:57:000000000-A5HJE:1:1101:18422:8349.1	1
ERR619083.M00704:57:000000000-A5HJE:1:1101:11984:9973.1	1
ERR619083.M00704:57:000000000-A5HJE:1:1101:15238:6462.1	1
ERR619083.M00704:57:000000000-A5HJE:1:1101:12317:9023.1	1
ERR619083.M00704:57:000000000-A5HJE:1:1101:9390:3855.1	1
ERR619083.M00704:57:000000000-A5HJE:1:1101:20854:9902.1	1
ERR619083.M00704:57:000000000-A5HJE:1:1101:9256:7781.1	1
ERR619083.M00704:57:000000000-A5HJE:1:1101:9658:8998.1	1
ERR619083.M00704:57:000000000-A5HJE:1:1101:14615:9442.1	1
ERR619083.M00704:57:000000000-A5HJE:1:1101:12685:3714.1	1
ERR619083.M00704:57:000000000-A5HJE:1:1101:12929:9275.1	1
ERR619083.M00704:57:000000000-A5HJE:1:1101:20611:5511.1	1
ERR619083.M00704:57:000000000-A5HJE:1:1101:12711:6245.1	1
ERR619083.M00704:57:000000000-A5HJE:1:1101:19279:9197.1	1
ERR619083.M00704:57:000000000-A5HJE:1:1101:13510:10307.1	1
ERR619083.M00704:57:000000000-A5HJE:1:1101:20221:4740.1	1
ERR619083.M00704:57:000000000-A5HJE:1:1101:8903:7403.1	1
ERR619083.M00704:57:000000000-A5HJE:1:1101:9430:3511.1	1
ERR619083.M00704:57:000000000-A5HJE:1:1101:10312:5888.1	1
ERR619083.M00704:57:000000000-A5HJE:1:1101:11140:10350.1	1
ERR619083.M00704:57:000000000-A5HJE:1:1101:17645:7954.1	1
ERR619083.M00704:57:000000000-A5HJE:1:1101:11030:10123.1	1
ERR619083.M00704:57:000000000-A5HJE:1:1101:19000:9229.1	1
ERR619083.M00704:57:000000000-A5HJE:1:1101:14921:7745.1	1
ERR619083.M00704:57:000000000-A5HJE:1:1101:14951:8111.1	1
ERR619083.M00704:57:000000000-A5HJE:1:1101:5988:9522.1	1
ERR619083.M00704:57:000000000-A5HJE:1:1101:12391:2512.1	1
ERR619083.M00704:57:000000000-A5HJE:1:1101:17593:7983.1	1
ERR619083.M00704:57:000000000-A5HJE:1:1101:17136:10140.1	1
ERR619083.M00704:57:000000000-A5HJE:1:1101:18612:9128.1	1
ERR619083.M00704:57:000000000-A5HJE:1:1101:24563:5052.1	1
ERR619083.M00704:57:000000000-A5HJE:1:1101:6587:9884.1	1
ERR619083.M00704:57:000000000-A5HJE:1:1101:18183:4819.1	1
ERR619083.M00704:57:000000000-A5HJE:1:1101:6512:7338.1	1
ERR619083.M00704:57:000000000-A5HJE:1:1101:19707:8241.1	1
ERR619083.M00704:57:000000000-A5HJE:1:1101:6946:8254.1	1
ERR619083.M00704:57:000000000-A5HJE:1:1101:16346:9908.1	1
ERR619083.M00704:57:000000000-A5HJE:1:1101:12948:9345.1	1
ERR619083.M00704:57:000000000-A5HJE:1:1101:10232:6216.1	1
ERR619083.M00704:57:000000000-A5HJE:1:1101:11157:6235.1	1
ERR619083.M00704:57:000000000-A5HJE:1:1101:13174:7384.1	1
ERR619083.M00704:57:000000000-A5HJE:1:1101:7182:8447.1	1
ERR619083.M00704:57:000000000-A5HJE:1:1101:12563:4051.1	1
ERR619083.M00704:57:000000000-A5HJE:1:1101:19253:4451.1	1
ERR619083.M00704:57:000000000-A5HJE:1:1101:13043:4324.1	1
ERR619083.M00704:57:000000000-A5HJE:1:1101:12507:9741.1	1
ERR619083.M00704:57:000000000-A5HJE:1:1101:15215:4566.1	1
ERR619083.M00704:57:000000000-A5HJE:1:1101:13676:5076.1	1
ERR619083.M00704:57:000000000-A5HJE:1:1101:25843:9566.1	1
ERR619083.M00704:57:000000000-A5HJE:1:1101:18150:1735.1	1
ERR619083.M00704:57:000000000-A5HJE:1:1101:9590:7438.1	1
ERR619083.M00704:57:000000000-A5HJE:1:1101:16661:5064.1	1
ERR619083.M00704:57:000000000-A5HJE:1:1101:5588:5902.1	1
ERR619083.M00704:57:000000000-A5HJE:1:1101:21331:7281.1	1
ERR619083.M00704:57:000000000-A5HJE:1:1101:5485:7208.1	1
ERR619083.M00704:57:000000000-A5HJE:1:1101:17546:4200.1	1
ERR619083.M00704:57:000000000-A5HJE:1:1101:19000:1814.1	1
ERR619083.M00704:57:000000000-A5HJE:1:1101:3975:8709.1	1
ERR619083.M00704:57:000000000-A5HJE:1:1101:18369:3317.1	1
ERR619083.M00704:57:000000000-A5HJE:1:1101:8795:4587.1	1
ERR619083.M00704:57:000000000-A5HJE:1:1101:16413:9543.1	1
ERR619083.M00704:57:000000000-A5HJE:1:1101:17241:4069.1	1
ERR619083.M00704:57:000000000-A5HJE:1:1101:8661:5915.1	1
ERR619083.M00704:57:000000000-A5HJE:1:1101:11485:8539.1	1
ERR619083.M00704:57:000000000-A5HJE:1:1101:14308:8000.1	1
ERR619083.M00704:57:000000000-A5HJE:1:1101:16368:6028.1	1
ERR619083.M00704:57:000000000-A5HJE:1:1101:2701:10382.1	1
ERR619083.M00704:57:000000000-A5HJE:1:1101:15049:2233.1	1
ERR619083.M00704:57:000000000-A5HJE:1:1101:24639:6372.1	1
ERR619083.M00704:57:000000000-A5HJE:1:1101:5223:9722.1	1
ERR619083.M00704:57:000000000-A5HJE:1:1101:13054:9029.1	1
ERR619083.M00704:57:000000000-A5HJE:1:1101:14909:6450.1	1
ERR619083.M00704:57:000000000-A5HJE:1:1101:14591:9562.1	1
ERR619083.M00704:57:000000000-A5HJE:1:1101:13545:4954.1	1
ERR619083.M00704:57:000000000-A5HJE:1:1101:4553:7485.1	1
ERR619083.M00704:57:000000000-A5HJE:1:1101:9075:4667.1	1
ERR619083.M00704:57:000000000-A5HJE:1:1101:14534:5533.1	1
ERR619083.M00704:57:000000000-A5HJE:1:1101:25388:9974.1	1
ERR619083.M00704:57:000000000-A5HJE:1:1101:15865:4330.1	1
ERR619083.M00704:57:000000000-A5HJE:1:1101:11801:6168.1	1
ERR619083.M00704:57:000000000-A5HJE:1:1101:8738:7435.1	1
ERR619083.M00704:57:000000000-A5HJE:1:1101:10656:7755.1	1
ERR619083.M00704:57:000000000-A5HJE:1:1101:6672:6888.1	1
ERR619083.M00704:57:000000000-A5HJE:1:1101:11491:4019.1	1
ERR619083.M00704:57:000000000-A5HJE:1:1101:19216:6384.1	1
ERR619083.M00704:57:000000000-A5HJE:1:1101:22852:7994.1	1
ERR619083.M00704:57:000000000-A5HJE:1:1101:15736:3670.1	1
ERR619083.M00704:57:000000000-A5HJE:1:1101:6683:8142.1	1
ERR619083.M00704:57:000000000-A5HJE:1:1101:6545:4899.1	1
ERR619083.M00704:57:000000000-A5HJE:1:1101:19625:4459.1	1
ERR619083.M00704:57:000000000-A5HJE:1:1101:16721:8778.1	2
ERR619083.M00704:57:000000000-A5HJE:1:1101:21298:7023.1	1
ERR619083.M00704:57:000000000-A5HJE:1:1101:20323:3162.1	1
ERR619083.M00704:57:000000000-A5HJE:1:1101:13018:7370.1	1
ERR619083.M00704:57:000000000-A5HJE:1:1101:12836:9447.1	1
ERR619083.M00704:57:000000000-A5HJE:1:1101:14307:5140.1	1
ERR619083.M00704:57:000000000-A5HJE:1:1101:7828:6638.1	1
ERR619083.M00704:57:000000000-A5HJE:1:1101:18344:6968.1	1
ERR619083.M00704:57:000000000-A5HJE:1:1101:9645:9524.1	1
ERR619083.M00704:57:000000000-A5HJE:1:1101:26414:8552.1	1
ERR619083.M00704:57:000000000-A5HJE:1:1101:18950:4694.1	1
ERR619083.M00704:57:000000000-A5HJE:1:1101:4130:8474.1	1
ERR619083.M00704:57:000000000-A5HJE:1:1101:21047:6436.1	1
ERR619083.M00704:57:000000000-A5HJE:1:1101:15838:1913.1	1
ERR619083.M00704:57:000000000-A5HJE:1:1101:10280:6374.1	1
ERR619083.M00704:57:000000000-A5HJE:1:1101:18671:9260.1	1
ERR619083.M00704:57:000000000-A5HJE:1:1101:20804:8082.1	1
ERR619083.M00704:57:000000000-A5HJE:1:1101:16432:6162.1	1
ERR619083.M00704:57:000000000-A5HJE:1:1101:21006:7570.1	1
ERR619083.M00704:57:000000000-A5HJE:1:1101:15504:3082.1	1
ERR619083.M00704:57:000000000-A5HJE:1:1101:12715:2610.1	1
ERR619083.M00704:57:000000000-A5HJE:1:1101:13721:3055.1	1
ERR619083.M00704:57:000000000-A5HJE:1:1101:8373:5707.1	1
ERR619083.M00704:57:000000000-A5HJE:1:1101:5097:9162.1	1
ERR619083.M00704:57:000000000-A5HJE:1:1101:4897:9795.1	1
ERR619083.M00704:57:000000000-A5HJE:1:1101:10155:9895.1	1
ERR619083.M00704:57:000000000-A5HJE:1:1101:14030:5608.1	1
ERR619083.M00704:57:000000000-A5HJE:1:1101:19687:6450.1	1
ERR619083.M00704:57:000000000-A5HJE:1:1101:15578:7510.1	1
ERR619083.M00704:57:000000000-A5HJE:1:1101:4238:7785.1	1
ERR619083.M00704:57:000000000-A5HJE:1:1101:9485:5094.1	1
ERR619083.M00704:57:000000000-A5HJE:1:1101:10924:6756.1	1
ERR619083.M00704:57:000000000-A5HJE:1:1101:13834:5524.1	1
ERR619083.M00704:57:000000000-A5HJE:1:1101:18001:7926.1	1
ERR619083.M00704:57:000000000-A5HJE:1:1101:20199:4062.1	1
ERR619083.M00704:57:000000000-A5HJE:1:1101:21488:10424.1	1
ERR619083.M00704:57:000000000-A5HJE:1:1101:9818:7919.1	1
ERR619083.M00704:57:000000000-A5HJE:1:1101:20963:7364.1	1
ERR619083.M00704:57:000000000-A5HJE:1:1101:21514:9588.1	1
ERR619083.M00704:57:000000000-A5HJE:1:1101:11814:7785.1	1
ERR619083.M00704:57:000000000-A5HJE:1:1101:10418:3667.1	1
ERR619083.M00704:57:000000000-A5HJE:1:1101:18052:7431.1	1
ERR619083.M00704:57:000000000-A5HJE:1:1101:10336:10368.1	1
ERR619083.M00704:57:000000000-A5HJE:1:1101:6367:7235.1	1
ERR619083.M00704:57:000000000-A5HJE:1:1101:11417:7977.1	1
ERR619083.M00704:57:000000000-A5HJE:1:1101:15329:9298.1	1
ERR619083.M00704:57:000000000-A5HJE:1:1101:10175:6263.1	1
ERR619083.M00704:57:000000000-A5HJE:1:1101:15620:5615.1	1
ERR619083.M00704:57:000000000-A5HJE:1:1101:17599:2445.1	1
ERR619083.M00704:57:000000000-A5HJE:1:1101:17243:5219.1	1
ERR619083.M00704:57:000000000-A5HJE:1:1101:8153:4270.1	1
ERR619083.M00704:57:000000000-A5HJE:1:1101:15084:8326.1	1
ERR619083.M00704:57:000000000-A5HJE:1:1101:17125:4154.1	1
ERR619083.M00704:57:000000000-A5HJE:1:1101:12280:5954.1	1
ERR619083.M00704:57:000000000-A5HJE:1:1101:20292:6868.1	1
ERR619083.M00704:57:000000000-A5HJE:1:1101:22936:9704.1	1
ERR619083.M00704:57:000000000-A5HJE:1:1101:12058:5530.1	1
ERR619083.M00704:57:000000000-A5HJE:1:1101:8158:6537.1	1
ERR619083.M00704:57:000000000-A5HJE:1:1101:25955:9337.1	1
ERR619083.M00704:57:000000000-A5HJE:1:1101:8288:7323.1	1
ERR619083.M00704:57:000000000-A5HJE:1:1101:24239:10379.1	1
ERR619083.M00704:57:000000000-A5HJE:1:1101:12166:6716.1	1
ERR619083.M00704:57:000000000-A5HJE:1:1101:13698:8656.1	1
ERR619083.M00704:57:000000000-A5HJE:1:1101:16808:2898.1	1
ERR619083.M00704:57:000000000-A5HJE:1:1101:8883:10443.1	1
ERR619083.M00704:57:000000000-A5HJE:1:1101:11612:3781.1	1
ERR619083.M00704:57:000000000-A5HJE:1:1101:10817:6431.1	1
ERR619083.M00704:57:000000000-A5HJE:1:1101:21324:4798.1	1
ERR619083.M00704:57:000000000-A5HJE:1:1101:19841:2763.1	1
ERR619083.M00704:57:000000000-A5HJE:1:1101:18855:5713.1	1
ERR619083.M00704:57:000000000-A5HJE:1:1101:9489:10287.1	1
ERR619083.M00704:57:000000000-A5HJE:1:1101:13215:4102.1	1
ERR619083.M00704:57:000000000-A5HJE:1:1101:23101:6715.1	1
ERR619083.M00704:57:000000000-A5HJE:1:1101:12008:4228.1	1
ERR619083.M00704:57:000000000-A5HJE:1:1101:18525:7933.1	1
ERR619083.M00704:57:000000000-A5HJE:1:1101:12030:6429.1	1
ERR619083.M00704:57:000000000-A5HJE:1:1101:18223:5135.1	1
ERR619083.M00704:57:000000000-A5HJE:1:1101:16361:10427.1	1
ERR619083.M00704:57:000000000-A5HJE:1:1101:11395:3135.1	1
ERR619083.M00704:57:000000000-A5HJE:1:1101:21428:6045.1	1
ERR619083.M00704:57:000000000-A5HJE:1:1101:8310:8472.1	1
ERR619083.M00704:57:000000000-A5HJE:1:1101:18162:4448.1	1
ERR619083.M00704:57:000000000-A5HJE:1:1101:16340:8877.1	1
ERR619083.M00704:57:000000000-A5HJE:1:1101:15162:2227.1	1
ERR619083.M00704:57:000000000-A5HJE:1:1101:16338:3978.1	1
ERR619083.M00704:57:000000000-A5HJE:1:1101:13594:10393.1	1
ERR619083.M00704:57:000000000-A5HJE:1:1101:6554:6601.1	1
ERR619083.M00704:57:000000000-A5HJE:1:1101:10849:7102.1	1
ERR619083.M00704:57:000000000-A5HJE:1:1101:20238:9485.1	1
ERR619083.M00704:57:000000000-A5HJE:1:1101:20642:10433.1	1
ERR619083.M00704:57:000000000-A5HJE:1:1101:20093:10433.1	1
ERR619083.M00704:57:000000000-A5HJE:1:1101:23355:5406.1	1
ERR619083.M00704:57:000000000-A5HJE:1:1101:15734:4371.1	1
ERR619083.M00704:57:000000000-A5HJE:1:1101:9288:9755.1	1
ERR619083.M00704:57:000000000-A5HJE:1:1101:17414:9920.1	1
ERR619083.M00704:57:000000000-A5HJE:1:1101:19668:4219.1	1
ERR619083.M00704:57:000000000-A5HJE:1:1101:10367:4935.1	1
ERR619083.M00704:57:000000000-A5HJE:1:1101:18909:7848.1	1
ERR619083.M00704:57:000000000-A5HJE:1:1101:7153:8353.1	1
