pathway	100seq_sampleA1	100seq_sampleA2	100seq_sampleA3	100seq_sampleB1	100seq_sampleB2	100seq_sampleB3	100seq_sampleC1	100seq_sampleC2	100seq_sampleC3
1CMET2-PWY	59.3916	59.3916	59.3916	76.619	76.619	76.619	87.9009	87.9009	87.9009
3-HYDROXYPHENYLACETATE-DEGRADATION-PWY	5.724	5.724	5.724	1.6992	1.6992	1.6992	1.1391	1.1391	1.1391
AEROBACTINSYN-PWY	4.7191	4.7191	4.7191	0.7059	0.7059	0.7059	0.7792	0.7792	0.7792
ALL-CHORISMATE-PWY	22.7811	22.7811	22.7811	0.0	0.0	0.0	6.5965	6.5965	6.5965
ANAEROFRUCAT-PWY	33.447	33.447	33.447	72.7424	72.7424	72.7424	50.6596	50.6596	50.6596
ANAGLYCOLYSIS-PWY	62.6721	62.6721	62.6721	89.8531	89.8531	89.8531	84.1296	84.1296	84.1296
ARG+POLYAMINE-SYN	15.6795	15.6795	15.6795	17.9938	17.9938	17.9938	17.748	17.748	17.748
ARGDEG-PWY	0.0	0.0	0.0	0.0	0.0	0.0	0.73	0.73	0.73
ARGORNPROST-PWY	6.5603	6.5603	6.5603	4.8397	4.8397	4.8397	30.5975	30.5975	30.5975
ARGSYN-PWY	58.3589	58.3589	58.3589	78.2401	78.2401	78.2401	89.6532	89.6532	89.6532
ARGSYNBSUB-PWY	61.1851	61.1851	61.1851	81.1355	81.1355	81.1355	98.9288	98.9288	98.9288
ARO-PWY	76.5208	76.5208	76.5208	90.1494	90.1494	90.1494	89.8126	89.8126	89.8126
ASPASN-PWY	55.1239	55.1239	55.1239	28.0338	28.0338	28.0338	9.8754	9.8754	9.8754
AST-PWY	2.8225	2.8225	2.8225	3.6145	3.6145	3.6145	0.5065	0.5065	0.5065
BIOTIN-BIOSYNTHESIS-PWY	25.4888	25.4888	25.4888	16.4737	16.4737	16.4737	23.1024	23.1024	23.1024
BRANCHED-CHAIN-AA-SYN-PWY	89.476	89.476	89.476	99.877	99.877	99.877	118.0249	118.0249	118.0249
CALVIN-PWY	80.0896	80.0896	80.0896	79.8752	79.8752	79.8752	74.3919	74.3919	74.3919
CATECHOL-ORTHO-CLEAVAGE-PWY	6.3094	6.3094	6.3094	0.0	0.0	0.0	3.9925	3.9925	3.9925
CENTFERM-PWY	21.0351	21.0351	21.0351	10.7445	10.7445	10.7445	8.181	8.181	8.181
CHLOROPHYLL-SYN	2.7529	2.7529	2.7529	0.0	0.0	0.0	2.741	2.741	2.741
COA-PWY	75.3161	75.3161	75.3161	61.181	61.181	61.181	80.6627	80.6627	80.6627
COBALSYN-PWY	24.5546	24.5546	24.5546	10.6502	10.6502	10.6502	31.9419	31.9419	31.9419
CODH-PWY	0.9885	0.9885	0.9885	1.9662	1.9662	1.9662	0.9849	0.9849	0.9849
COLANSYN-PWY	11.8121	11.8121	11.8121	41.554	41.554	41.554	36.0288	36.0288	36.0288
COMPLETE-ARO-PWY	82.3311	82.3311	82.3311	95.9027	95.9027	95.9027	93.9999	93.9999	93.9999
DAPLYSINESYN-PWY	56.9101	56.9101	56.9101	85.508	85.508	85.508	86.6844	86.6844	86.6844
DENITRIFICATION-PWY	1.5556	1.5556	1.5556	1.3538	1.3538	1.3538	0.0	0.0	0.0
DENOVOPURINE2-PWY	54.7688	54.7688	54.7688	78.2451	78.2451	78.2451	85.6216	85.6216	85.6216
DHGLUCONATE-PYR-CAT-PWY	3.234	3.234	3.234	0.0	0.0	0.0	0.0	0.0	0.0
DTDPRHAMSYN-PWY	29.1189	29.1189	29.1189	92.6308	92.6308	92.6308	112.1654	112.1654	112.1654
ENTBACSYN-PWY	4.9594	4.9594	4.9594	0.0	0.0	0.0	33.698	33.698	33.698
FAO-PWY	33.6593	33.6593	33.6593	21.8004	21.8004	21.8004	40.5786	40.5786	40.5786
FASYN-ELONG-PWY	90.6885	90.6885	90.6885	49.5034	49.5034	49.5034	98.9071	98.9071	98.9071
FASYN-INITIAL-PWY	26.7816	26.7816	26.7816	15.0634	15.0634	15.0634	72.8645	72.8645	72.8645
FERMENTATION-PWY	23.1852	23.1852	23.1852	64.0392	64.0392	64.0392	50.0652	50.0652	50.0652
FOLSYN-PWY	81.5677	81.5677	81.5677	66.9711	66.9711	66.9711	75.9789	75.9789	75.9789
FUC-RHAMCAT-PWY	1.5083	1.5083	1.5083	0.0	0.0	0.0	0.0	0.0	0.0
FUCCAT-PWY	2.1687	2.1687	2.1687	1.7402	1.7402	1.7402	2.3319	2.3319	2.3319
GALACT-GLUCUROCAT-PWY	4.3703	4.3703	4.3703	4.1514	4.1514	4.1514	6.4249	6.4249	6.4249
GALACTARDEG-PWY	0.8115	0.8115	0.8115	0.6505	0.6505	0.6505	1.5692	1.5692	1.5692
GALACTUROCAT-PWY	6.235	6.235	6.235	9.6602	9.6602	9.6602	9.2168	9.2168	9.2168
GALLATE-DEGRADATION-I-PWY	0.0	0.0	0.0	0.0	0.0	0.0	13.2453	13.2453	13.2453
GALLATE-DEGRADATION-II-PWY	0.0	0.0	0.0	0.0	0.0	0.0	13.2453	13.2453	13.2453
GLCMANNANAUT-PWY	2.7859	2.7859	2.7859	0.9874	0.9874	0.9874	9.6362	9.6362	9.6362
GLUCARDEG-PWY	2.244	2.244	2.244	0.8161	0.8161	0.8161	3.5656	3.5656	3.5656
GLUCARGALACTSUPER-PWY	0.8115	0.8115	0.8115	0.6505	0.6505	0.6505	1.5692	1.5692	1.5692
GLUCONEO-PWY	68.8581	68.8581	68.8581	57.1673	57.1673	57.1673	76.8292	76.8292	76.8292
GLUCOSE1PMETAB-PWY	3.8087	3.8087	3.8087	0.9961	0.9961	0.9961	5.3845	5.3845	5.3845
GLUCUROCAT-PWY	5.6544	5.6544	5.6544	4.1981	4.1981	4.1981	8.8242	8.8242	8.8242
GLUTORN-PWY	39.9858	39.9858	39.9858	81.2463	81.2463	81.2463	87.1728	87.1728	87.1728
GLYCOCAT-PWY	21.3065	21.3065	21.3065	43.6629	43.6629	43.6629	58.4474	58.4474	58.4474
GLYCOGENSYNTH-PWY	17.8187	17.8187	17.8187	73.6409	73.6409	73.6409	66.1762	66.1762	66.1762
GLYCOL-GLYOXDEG-PWY	1.7274	1.7274	1.7274	2.7969	2.7969	2.7969	0.0	0.0	0.0
GLYCOLYSIS	64.2815	64.2815	64.2815	76.3101	76.3101	76.3101	76.4901	76.4901	76.4901
GLYCOLYSIS-E-D	27.9281	27.9281	27.9281	50.0413	50.0413	50.0413	49.0068	49.0068	49.0068
GLYCOLYSIS-TCA-GLYOX-BYPASS	48.609	48.609	48.609	35.4449	35.4449	35.4449	33.4764	33.4764	33.4764
GLYOXYLATE-BYPASS	23.0381	23.0381	23.0381	16.9296	16.9296	16.9296	40.5546	40.5546	40.5546
GOLPDLCAT-PWY	2.7586	2.7586	2.7586	0.0	0.0	0.0	0.0	0.0	0.0
HCAMHPDEG-PWY	0.0	0.0	0.0	0.0	0.0	0.0	1.4684	1.4684	1.4684
HEME-BIOSYNTHESIS-II	53.5888	53.5888	53.5888	25.4342	25.4342	25.4342	26.5882	26.5882	26.5882
HEMESYN2-PWY	69.7219	69.7219	69.7219	39.3522	39.3522	39.3522	43.9707	43.9707	43.9707
HEXITOLDEGSUPER-PWY	9.5861	9.5861	9.5861	10.3572	10.3572	10.3572	9.427	9.427	9.427
HISDEG-PWY	47.2079	47.2079	47.2079	19.4066	19.4066	19.4066	32.9518	32.9518	32.9518
HISTSYN-PWY	70.2916	70.2916	70.2916	78.4648	78.4648	78.4648	88.5237	88.5237	88.5237
HOMOSER-METSYN-PWY	44.651	44.651	44.651	59.9687	59.9687	59.9687	40.8899	40.8899	40.8899
HSERMETANA-PWY	32.9303	32.9303	32.9303	74.1422	74.1422	74.1422	118.8195	118.8195	118.8195
ILEUSYN-PWY	90.8026	90.8026	90.8026	101.9565	101.9565	101.9565	127.6336	127.6336	127.6336
KDO-NAGLIPASYN-PWY	0.0	0.0	0.0	6.5871	6.5871	6.5871	0.0	0.0	0.0
KETOGLUCONMET-PWY	0.0	0.0	0.0	1.4344	1.4344	1.4344	0.0	0.0	0.0
LACTOSECAT-PWY	1.5	1.5	1.5	0.708	0.708	0.708	2.9365	2.9365	2.9365
LEU-DEG2-PWY	19.0439	19.0439	19.0439	25.7825	25.7825	25.7825	24.0148	24.0148	24.0148
MET-SAM-PWY	59.3313	59.3313	59.3313	72.9445	72.9445	72.9445	59.1922	59.1922	59.1922
METH-ACETATE-PWY	11.931	11.931	11.931	5.1186	5.1186	5.1186	0.0	0.0	0.0
METHYLGALLATE-DEGRADATION-PWY	0.0	0.0	0.0	0.0	0.0	0.0	15.8846	15.8846	15.8846
NAD-BIOSYNTHESIS-II	13.4485	13.4485	13.4485	3.0668	3.0668	3.0668	7.5929	7.5929	7.5929
NADSYN-PWY	2.612	2.612	2.612	17.7382	17.7382	17.7382	1.9031	1.9031	1.9031
NAGLIPASYN-PWY	29.8614	29.8614	29.8614	34.514	34.514	34.514	64.3621	64.3621	64.3621
NONMEVIPP-PWY	71.8509	71.8509	71.8509	43.6892	43.6892	43.6892	76.8282	76.8282	76.8282
NONOXIPENT-PWY	83.1326	83.1326	83.1326	99.5597	99.5597	99.5597	101.1796	101.1796	101.1796
OANTIGEN-PWY	36.0321	36.0321	36.0321	69.8324	69.8324	69.8324	73.6429	73.6429	73.6429
ORNARGDEG-PWY	0.0	0.0	0.0	0.0	0.0	0.0	0.73	0.73	0.73
P101-PWY	15.6463	15.6463	15.6463	2.8547	2.8547	2.8547	4.4179	4.4179	4.4179
P105-PWY	54.5653	54.5653	54.5653	35.4228	35.4228	35.4228	75.9038	75.9038	75.9038
P108-PWY	18.1389	18.1389	18.1389	38.868	38.868	38.868	48.0094	48.0094	48.0094
P122-PWY	0.0	0.0	0.0	47.909	47.909	47.909	41.3915	41.3915	41.3915
P124-PWY	0.0	0.0	0.0	71.7202	71.7202	71.7202	67.2028	67.2028	67.2028
P125-PWY	39.7325	39.7325	39.7325	2.6336	2.6336	2.6336	0.6065	0.6065	0.6065
P161-PWY	3.9396	3.9396	3.9396	64.4958	64.4958	64.4958	30.6547	30.6547	30.6547
P162-PWY	0.0	0.0	0.0	0.0	0.0	0.0	2.813	2.813	2.813
P163-PWY	3.3704	3.3704	3.3704	4.9271	4.9271	4.9271	0.0	0.0	0.0
P164-PWY	0.0	0.0	0.0	0.0	0.0	0.0	35.7839	35.7839	35.7839
P221-PWY	12.252	12.252	12.252	3.9046	3.9046	3.9046	8.7522	8.7522	8.7522
P23-PWY	48.1697	48.1697	48.1697	48.7557	48.7557	48.7557	32.8479	32.8479	32.8479
P241-PWY	0.0	0.0	0.0	1.1287	1.1287	1.1287	0.5423	0.5423	0.5423
P381-PWY	0.0	0.0	0.0	0.0	0.0	0.0	6.9702	6.9702	6.9702
P4-PWY	55.4431	55.4431	55.4431	65.3939	65.3939	65.3939	70.2952	70.2952	70.2952
P42-PWY	52.8956	52.8956	52.8956	51.8646	51.8646	51.8646	83.1992	83.1992	83.1992
P441-PWY	6.384	6.384	6.384	3.2438	3.2438	3.2438	22.7769	22.7769	22.7769
P461-PWY	5.3693	5.3693	5.3693	5.8195	5.8195	5.8195	3.9183	3.9183	3.9183
P562-PWY	0.0	0.0	0.0	1.071	1.071	1.071	20.664	20.664	20.664
P621-PWY	0.0	0.0	0.0	1.2632	1.2632	1.2632	0.9688	0.9688	0.9688
PANTO-PWY	74.7843	74.7843	74.7843	50.3694	50.3694	50.3694	64.0693	64.0693	64.0693
PANTOSYN-PWY	68.1154	68.1154	68.1154	53.0116	53.0116	53.0116	70.3384	70.3384	70.3384
PENTOSE-P-PWY	22.5186	22.5186	22.5186	81.4352	81.4352	81.4352	61.031	61.031	61.031
PEPTIDOGLYCANSYN-PWY	75.2473	75.2473	75.2473	86.7988	86.7988	86.7988	90.6705	90.6705	90.6705
PHOSLIPSYN-PWY	88.9089	88.9089	88.9089	94.0469	94.0469	94.0469	103.088	103.088	103.088
POLYAMINSYN3-PWY	8.6722	8.6722	8.6722	10.1458	10.1458	10.1458	10.0319	10.0319	10.0319
POLYAMSYN-PWY	9.1255	9.1255	9.1255	10.3256	10.3256	10.3256	10.0031	10.0031	10.0031
POLYISOPRENSYN-PWY	54.9241	54.9241	54.9241	67.0456	67.0456	67.0456	86.1042	86.1042	86.1042
PPGPPMET-PWY	12.2056	12.2056	12.2056	22.1745	22.1745	22.1745	33.8882	33.8882	33.8882
PROTOCATECHUATE-ORTHO-CLEAVAGE-PWY	7.7356	7.7356	7.7356	3.4092	3.4092	3.4092	30.7498	30.7498	30.7498
PRPP-PWY	47.9764	47.9764	47.9764	47.1706	47.1706	47.1706	68.8369	68.8369	68.8369
PWY-1269	26.2336	26.2336	26.2336	31.6336	31.6336	31.6336	34.4573	34.4573	34.4573
PWY-1622	0.0	0.0	0.0	0.0	0.0	0.0	3.723	3.723	3.723
PWY-181	22.2448	22.2448	22.2448	10.4651	10.4651	10.4651	16.5642	16.5642	16.5642
PWY-2941	59.0771	59.0771	59.0771	15.2395	15.2395	15.2395	11.0384	11.0384	11.0384
PWY-2942	84.6347	84.6347	84.6347	99.8868	99.8868	99.8868	104.4205	104.4205	104.4205
PWY-3001	79.8015	79.8015	79.8015	93.6316	93.6316	93.6316	101.3535	101.3535	101.3535
PWY-3661	0.0	0.0	0.0	6.732	6.732	6.732	0.0	0.0	0.0
PWY-3781	198.1513	198.1513	198.1513	108.793	108.793	108.793	205.0496	205.0496	205.0496
PWY-4984	54.8348	54.8348	54.8348	26.644	26.644	26.644	8.2551	8.2551	8.2551
PWY-5005	6.1231	6.1231	6.1231	4.8853	4.8853	4.8853	26.8344	26.8344	26.8344
PWY-5022	29.2654	29.2654	29.2654	15.5348	15.5348	15.5348	32.4622	32.4622	32.4622
PWY-5028	1.2307	1.2307	1.2307	2.3219	2.3219	2.3219	4.6041	4.6041	4.6041
PWY-5097	64.9743	64.9743	64.9743	95.5228	95.5228	95.5228	99.879	99.879	99.879
PWY-5100	38.3783	38.3783	38.3783	54.3346	54.3346	54.3346	62.0198	62.0198	62.0198
PWY-5101	98.3343	98.3343	98.3343	110.6826	110.6826	110.6826	133.8894	133.8894	133.8894
PWY-5103	84.2014	84.2014	84.2014	95.3892	95.3892	95.3892	107.8223	107.8223	107.8223
PWY-5104	50.3043	50.3043	50.3043	64.0634	64.0634	64.0634	83.1951	83.1951	83.1951
PWY-5121	68.3428	68.3428	68.3428	49.4902	49.4902	49.4902	80.0207	80.0207	80.0207
PWY-5154	34.9311	34.9311	34.9311	36.5685	36.5685	36.5685	38.0487	38.0487	38.0487
PWY-5177	0.0	0.0	0.0	0.0	0.0	0.0	1.9721	1.9721	1.9721
PWY-5178	0.0	0.0	0.0	0.0	0.0	0.0	1.9596	1.9596	1.9596
PWY-5180	0.0	0.0	0.0	11.5772	11.5772	11.5772	22.8873	22.8873	22.8873
PWY-5181	0.0	0.0	0.0	1.0841	1.0841	1.0841	5.7769	5.7769	5.7769
PWY-5182	0.0	0.0	0.0	11.5772	11.5772	11.5772	22.8873	22.8873	22.8873
PWY-5188	74.1684	74.1684	74.1684	39.8593	39.8593	39.8593	83.5019	83.5019	83.5019
PWY-5189	70.0231	70.0231	70.0231	34.5958	34.5958	34.5958	73.8675	73.8675	73.8675
PWY-5265	41.4631	41.4631	41.4631	8.642	8.642	8.642	0.0	0.0	0.0
PWY-5304	6.0	6.0	6.0	3.51	3.51	3.51	69.06	69.06	69.06
PWY-5345	34.3487	34.3487	34.3487	35.8786	35.8786	35.8786	57.3318	57.3318	57.3318
PWY-5347	58.7033	58.7033	58.7033	72.7479	72.7479	72.7479	60.37	60.37	60.37
PWY-5384	6.94	6.94	6.94	53.7856	53.7856	53.7856	20.8439	20.8439	20.8439
PWY-5415	0.0	0.0	0.0	2.2517	2.2517	2.2517	9.6781	9.6781	9.6781
PWY-5417	5.8154	5.8154	5.8154	0.0	0.0	0.0	3.4649	3.4649	3.4649
PWY-5419	4.3764	4.3764	4.3764	7.1014	7.1014	7.1014	3.6536	3.6536	3.6536
PWY-5420	0.0	0.0	0.0	2.7873	2.7873	2.7873	5.0746	5.0746	5.0746
PWY-5430	0.0	0.0	0.0	0.0	0.0	0.0	2.6504	2.6504	2.6504
PWY-5431	5.8154	5.8154	5.8154	0.0	0.0	0.0	3.4649	3.4649	3.4649
PWY-5484	58.2972	58.2972	58.2972	77.0173	77.0173	77.0173	72.1467	72.1467	72.1467
PWY-5505	24.6129	24.6129	24.6129	46.765	46.765	46.765	13.9536	13.9536	13.9536
PWY-5507	0.0	0.0	0.0	0.0	0.0	0.0	1.6076	1.6076	1.6076
PWY-5509	23.8745	23.8745	23.8745	10.4929	10.4929	10.4929	20.8484	20.8484	20.8484
PWY-5531	2.7529	2.7529	2.7529	0.0	0.0	0.0	2.741	2.741	2.741
PWY-5647	1.1842	1.1842	1.1842	10.1852	10.1852	10.1852	1.622	1.622	1.622
PWY-5651	1.6676	1.6676	1.6676	12.4724	12.4724	12.4724	1.2007	1.2007	1.2007
PWY-5654	1.2414	1.2414	1.2414	10.2326	10.2326	10.2326	2.4184	2.4184	2.4184
PWY-5655	0.0	0.0	0.0	4.0392	4.0392	4.0392	1.8372	1.8372	1.8372
PWY-5656	4.2073	4.2073	4.2073	0.0	0.0	0.0	0.0	0.0	0.0
PWY-5659	41.3364	41.3364	41.3364	49.7921	49.7921	49.7921	95.0488	95.0488	95.0488
PWY-5667	95.6855	95.6855	95.6855	89.9286	89.9286	89.9286	108.242	108.242	108.242
PWY-5676	5.0949	5.0949	5.0949	12.9018	12.9018	12.9018	11.8946	11.8946	11.8946
PWY-5679	1.0	1.0	1.0	0.0	0.0	0.0	0.0	0.0	0.0
PWY-5686	80.3506	80.3506	80.3506	97.9384	97.9384	97.9384	102.9506	102.9506	102.9506
PWY-5695	51.1035	51.1035	51.1035	43.7832	43.7832	43.7832	74.6155	74.6155	74.6155
PWY-5705	9.1246	9.1246	9.1246	2.8812	2.8812	2.8812	12.3035	12.3035	12.3035
PWY-5741	0.0	0.0	0.0	9.6779	9.6779	9.6779	3.0292	3.0292	3.0292
PWY-5747	13.5619	13.5619	13.5619	4.0861	4.0861	4.0861	6.5496	6.5496	6.5496
PWY-5837	41.7299	41.7299	41.7299	10.7203	10.7203	10.7203	3.1463	3.1463	3.1463
PWY-5838	57.0125	57.0125	57.0125	24.6	24.6	24.6	8.56	8.56	8.56
PWY-5840	58.9988	58.9988	58.9988	22.6429	22.6429	22.6429	8.3623	8.3623	8.3623
PWY-5845	36.8414	36.8414	36.8414	15.8946	15.8946	15.8946	5.8252	5.8252	5.8252
PWY-5850	36.8414	36.8414	36.8414	15.8946	15.8946	15.8946	3.9215	3.9215	3.9215
PWY-5855	30.1805	30.1805	30.1805	18.3919	18.3919	18.3919	39.7389	39.7389	39.7389
PWY-5856	30.1805	30.1805	30.1805	18.3919	18.3919	18.3919	39.7389	39.7389	39.7389
PWY-5857	30.1805	30.1805	30.1805	18.3919	18.3919	18.3919	39.7389	39.7389	39.7389
PWY-5860	28.5933	28.5933	28.5933	12.0474	12.0474	12.0474	2.6477	2.6477	2.6477
PWY-5861	48.6188	48.6188	48.6188	20.1575	20.1575	20.1575	5.8678	5.8678	5.8678
PWY-5862	28.5933	28.5933	28.5933	12.0474	12.0474	12.0474	3.9574	3.9574	3.9574
PWY-5863	43.1635	43.1635	43.1635	11.9793	11.9793	11.9793	3.5777	3.5777	3.5777
PWY-5896	36.8414	36.8414	36.8414	15.8946	15.8946	15.8946	3.9215	3.9215	3.9215
PWY-5897	58.6444	58.6444	58.6444	23.0358	23.0358	23.0358	7.7306	7.7306	7.7306
PWY-5898	58.6444	58.6444	58.6444	23.0358	23.0358	23.0358	7.7306	7.7306	7.7306
PWY-5899	58.6444	58.6444	58.6444	23.0358	23.0358	23.0358	7.7306	7.7306	7.7306
PWY-5910	1.5249	1.5249	1.5249	52.8311	52.8311	52.8311	30.0314	30.0314	30.0314
PWY-5913	31.3956	31.3956	31.3956	64.3827	64.3827	64.3827	81.439	81.439	81.439
PWY-5918	59.5408	59.5408	59.5408	31.6789	31.6789	31.6789	44.104	44.104	44.104
PWY-5920	39.937	39.937	39.937	25.4864	25.4864	25.4864	35.5006	35.5006	35.5006
PWY-5941	0.0	0.0	0.0	4.8551	4.8551	4.8551	3.8053	3.8053	3.8053
PWY-5971	29.2336	29.2336	29.2336	17.295	17.295	17.295	68.2409	68.2409	68.2409
PWY-5973	93.3478	93.3478	93.3478	53.6374	53.6374	53.6374	131.1458	131.1458	131.1458
PWY-5989	30.2436	30.2436	30.2436	17.5906	17.5906	17.5906	94.0345	94.0345	94.0345
PWY-6071	0.0	0.0	0.0	0.9759	0.9759	0.9759	0.818	0.818	0.818
PWY-6121	86.1058	86.1058	86.1058	89.4408	89.4408	89.4408	114.1018	114.1018	114.1018
PWY-6122	90.4216	90.4216	90.4216	92.2901	92.2901	92.2901	112.175	112.175	112.175
PWY-6123	75.735	75.735	75.735	86.4648	86.4648	86.4648	87.6593	87.6593	87.6593
PWY-6125	82.4749	82.4749	82.4749	68.8544	68.8544	68.8544	85.6253	85.6253	85.6253
PWY-6126	88.7586	88.7586	88.7586	82.3479	82.3479	82.3479	90.252	90.252	90.252
PWY-6147	82.6147	82.6147	82.6147	76.5143	76.5143	76.5143	81.7732	81.7732	81.7732
PWY-6151	50.9404	50.9404	50.9404	87.7626	87.7626	87.7626	45.0206	45.0206	45.0206
PWY-6163	74.9245	74.9245	74.9245	85.0075	85.0075	85.0075	93.0471	93.0471	93.0471
PWY-6174	0.0	0.0	0.0	0.771	0.771	0.771	0.0	0.0	0.0
PWY-6182	2.5032	2.5032	2.5032	0.0	0.0	0.0	3.9434	3.9434	3.9434
PWY-6185	0.0	0.0	0.0	0.0	0.0	0.0	2.2262	2.2262	2.2262
PWY-621	32.8599	32.8599	32.8599	87.5584	87.5584	87.5584	33.7461	33.7461	33.7461
PWY-6210	0.0	0.0	0.0	0.9544	0.9544	0.9544	1.3263	1.3263	1.3263
PWY-6263	18.323	18.323	18.323	15.4881	15.4881	15.4881	38.8514	38.8514	38.8514
PWY-6269	23.9663	23.9663	23.9663	10.6495	10.6495	10.6495	13.6036	13.6036	13.6036
PWY-6277	90.4216	90.4216	90.4216	92.2901	92.2901	92.2901	112.175	112.175	112.175
PWY-6282	30.5763	30.5763	30.5763	17.005	17.005	17.005	91.2208	91.2208	91.2208
PWY-6317	12.7062	12.7062	12.7062	73.5524	73.5524	73.5524	45.6223	45.6223	45.6223
PWY-6353	33.3862	33.3862	33.3862	26.3667	26.3667	26.3667	45.8368	45.8368	45.8368
PWY-6383	1.892	1.892	1.892	4.4791	4.4791	4.4791	22.8997	22.8997	22.8997
PWY-6385	74.1857	74.1857	74.1857	86.4694	86.4694	86.4694	89.5962	89.5962	89.5962
PWY-6386	75.9236	75.9236	75.9236	86.36	86.36	86.36	90.8101	90.8101	90.8101
PWY-6387	76.3666	76.3666	76.3666	87.6623	87.6623	87.6623	91.3256	91.3256	91.3256
PWY-6396	9.1132	9.1132	9.1132	5.6533	5.6533	5.6533	1.422	1.422	1.422
PWY-6397	0.0	0.0	0.0	0.0	0.0	0.0	1.3495	1.3495	1.3495
PWY-6404	0.0	0.0	0.0	0.0	0.0	0.0	4.8088	4.8088	4.8088
PWY-6467	29.08	29.08	29.08	33.83	33.83	33.83	63.74	63.74	63.74
PWY-6470	5.3309	5.3309	5.3309	8.5366	8.5366	8.5366	0.0	0.0	0.0
PWY-6471	36.344	36.344	36.344	71.2919	71.2919	71.2919	44.4603	44.4603	44.4603
PWY-6478	13.9662	13.9662	13.9662	10.8281	10.8281	10.8281	2.7356	2.7356	2.7356
PWY-6505	0.0	0.0	0.0	2.044	2.044	2.044	1.8372	1.8372	1.8372
PWY-6507	3.1346	3.1346	3.1346	7.3533	7.3533	7.3533	6.5826	6.5826	6.5826
PWY-6519	25.6139	25.6139	25.6139	15.5653	15.5653	15.5653	19.7024	19.7024	19.7024
PWY-6545	42.2692	42.2692	42.2692	38.4578	38.4578	38.4578	37.4734	37.4734	37.4734
PWY-6562	1.8448	1.8448	1.8448	0.716	0.716	0.716	15.6614	15.6614	15.6614
PWY-6588	3.8224	3.8224	3.8224	8.5858	8.5858	8.5858	7.6129	7.6129	7.6129
PWY-6590	24.4541	24.4541	24.4541	13.178	13.178	13.178	10.2029	10.2029	10.2029
PWY-6608	43.1523	43.1523	43.1523	21.0001	21.0001	21.0001	41.768	41.768	41.768
PWY-6609	62.0041	62.0041	62.0041	35.9469	35.9469	35.9469	36.7172	36.7172	36.7172
PWY-6612	78.6282	78.6282	78.6282	61.0046	61.0046	61.0046	66.6355	66.6355	66.6355
PWY-6628	41.985	41.985	41.985	20.1006	20.1006	20.1006	64.3877	64.3877	64.3877
PWY-6630	40.7397	40.7397	40.7397	20.0881	20.0881	20.0881	63.8165	63.8165	63.8165
PWY-6690	0.0	0.0	0.0	0.0	0.0	0.0	1.4684	1.4684	1.4684
PWY-6700	70.3468	70.3468	70.3468	36.1166	36.1166	36.1166	61.2018	61.2018	61.2018
PWY-6703	70.2575	70.2575	70.2575	30.6683	30.6683	30.6683	55.6283	55.6283	55.6283
PWY-6708	30.1805	30.1805	30.1805	18.3919	18.3919	18.3919	39.7389	39.7389	39.7389
PWY-6714	0.0	0.0	0.0	1.34	1.34	1.34	1.0	1.0	1.0
PWY-6728	0.0	0.0	0.0	0.0	0.0	0.0	4.4887	4.4887	4.4887
PWY-6737	22.5449	22.5449	22.5449	38.9332	38.9332	38.9332	67.1086	67.1086	67.1086
PWY-6749	0.0	0.0	0.0	0.0	0.0	0.0	1.9682	1.9682	1.9682
PWY-6876	0.0	0.0	0.0	0.0	0.0	0.0	4.846	4.846	4.846
PWY-6891	7.4089	7.4089	7.4089	5.8419	5.8419	5.8419	51.5017	51.5017	51.5017
PWY-6892	11.0586	11.0586	11.0586	12.2745	12.2745	12.2745	58.5176	58.5176	58.5176
PWY-6895	23.1469	23.1469	23.1469	19.342	19.342	19.342	66.9132	66.9132	66.9132
PWY-6897	52.4246	52.4246	52.4246	60.0947	60.0947	60.0947	73.066	73.066	73.066
PWY-6901	13.8397	13.8397	13.8397	62.3934	62.3934	62.3934	52.2698	52.2698	52.2698
PWY-6944	0.0	0.0	0.0	0.7636	0.7636	0.7636	2.7106	2.7106	2.7106
PWY-6948	0.0	0.0	0.0	0.0	0.0	0.0	1.7546	1.7546	1.7546
PWY-6969	70.278	70.278	70.278	58.9388	58.9388	58.9388	96.4877	96.4877	96.4877
PWY-7003	6.2581	6.2581	6.2581	0.0	0.0	0.0	0.0	0.0	0.0
PWY-7007	1.9488	1.9488	1.9488	3.8457	3.8457	3.8457	1.969	1.969	1.969
PWY-7046	0.0	0.0	0.0	0.0	0.0	0.0	0.7985	0.7985	0.7985
PWY-7090	1.466	1.466	1.466	0.9942	0.9942	0.9942	0.4405	0.4405	0.4405
PWY-7094	25.318	25.318	25.318	23.1229	23.1229	23.1229	43.2089	43.2089	43.2089
PWY-7111	97.5735	97.5735	97.5735	106.9373	106.9373	106.9373	138.4286	138.4286	138.4286
PWY-7159	2.7529	2.7529	2.7529	0.0	0.0	0.0	2.741	2.741	2.741
PWY-7184	67.7478	67.7478	67.7478	62.2214	62.2214	62.2214	79.6373	79.6373	79.6373
PWY-7187	39.1688	39.1688	39.1688	64.8549	64.8549	64.8549	69.6207	69.6207	69.6207
PWY-7196	70.5325	70.5325	70.5325	46.1787	46.1787	46.1787	56.7221	56.7221	56.7221
PWY-7197	73.6224	73.6224	73.6224	48.9053	48.9053	48.9053	72.7699	72.7699	72.7699
PWY-7199	50.6755	50.6755	50.6755	34.0538	34.0538	34.0538	32.1371	32.1371	32.1371
PWY-7200	61.3651	61.3651	61.3651	41.2357	41.2357	41.2357	46.6186	46.6186	46.6186
PWY-7208	95.7241	95.7241	95.7241	97.2001	97.2001	97.2001	99.2149	99.2149	99.2149
PWY-7211	65.4082	65.4082	65.4082	64.6279	64.6279	64.6279	86.1966	86.1966	86.1966
PWY-7219	87.7693	87.7693	87.7693	99.4648	99.4648	99.4648	101.0754	101.0754	101.0754
PWY-7220	90.113	90.113	90.113	67.0496	67.0496	67.0496	79.8205	79.8205	79.8205
PWY-7221	78.0896	78.0896	78.0896	94.3868	94.3868	94.3868	99.9911	99.9911	99.9911
PWY-7222	90.113	90.113	90.113	67.0496	67.0496	67.0496	79.8205	79.8205	79.8205
PWY-7228	84.1707	84.1707	84.1707	72.8817	72.8817	72.8817	89.6546	89.6546	89.6546
PWY-7229	91.9189	91.9189	91.9189	91.3706	91.3706	91.3706	95.644	95.644	95.644
PWY-7234	65.4267	65.4267	65.4267	79.6119	79.6119	79.6119	64.2166	64.2166	64.2166
PWY-7237	2.16	2.16	2.16	1.66	1.66	1.66	21.0	21.0	21.0
PWY-7242	9.9565	9.9565	9.9565	9.9201	9.9201	9.9201	25.5599	25.5599	25.5599
PWY-7254	82.1837	82.1837	82.1837	29.0332	29.0332	29.0332	64.2493	64.2493	64.2493
PWY-7255	1.8062	1.8062	1.8062	0.0	0.0	0.0	1.6863	1.6863	1.6863
PWY-7315	11.2108	11.2108	11.2108	2.9567	2.9567	2.9567	53.1371	53.1371	53.1371
PWY-7323	22.2844	22.2844	22.2844	39.2049	39.2049	39.2049	36.1621	36.1621	36.1621
PWY-7328	13.6413	13.6413	13.6413	35.2128	35.2128	35.2128	32.7924	32.7924	32.7924
PWY-7332	6.3897	6.3897	6.3897	3.595	3.595	3.595	0.0	0.0	0.0
PWY-7347	1.4002	1.4002	1.4002	1.0194	1.0194	1.0194	1.4262	1.4262	1.4262
PWY-7371	7.5	7.5	7.5	8.217	8.217	8.217	44.1516	44.1516	44.1516
PWY-7373	5.8333	5.8333	5.8333	3.8769	3.8769	3.8769	1.9343	1.9343	1.9343
PWY-7374	7.5	7.5	7.5	4.665	4.665	4.665	43.0513	43.0513	43.0513
PWY-7376	4.5898	4.5898	4.5898	0.0	0.0	0.0	10.0094	10.0094	10.0094
PWY-7377	0.0	0.0	0.0	3.6561	3.6561	3.6561	1.2657	1.2657	1.2657
PWY-7391	0.0	0.0	0.0	1.3317	1.3317	1.3317	14.9168	14.9168	14.9168
PWY-7392	34.949	34.949	34.949	47.3298	47.3298	47.3298	61.9836	61.9836	61.9836
PWY-7400	57.8853	57.8853	57.8853	78.1668	78.1668	78.1668	89.0716	89.0716	89.0716
PWY-7431	16.4102	16.4102	16.4102	12.7463	12.7463	12.7463	19.2618	19.2618	19.2618
PWY-7539	84.3924	84.3924	84.3924	58.3831	58.3831	58.3831	81.9465	81.9465	81.9465
PWY-7560	71.8509	71.8509	71.8509	43.6892	43.6892	43.6892	76.8282	76.8282	76.8282
PWY-7616	2.2371	2.2371	2.2371	3.3045	3.3045	3.3045	11.1097	11.1097	11.1097
PWY-7663	93.9325	93.9325	93.9325	54.9341	54.9341	54.9341	117.7464	117.7464	117.7464
PWY-7664	33.7057	33.7057	33.7057	20.2026	20.2026	20.2026	95.0216	95.0216	95.0216
PWY-841	84.2073	84.2073	84.2073	79.684	79.684	79.684	94.3565	94.3565	94.3565
PWY-922	1.0749	1.0749	1.0749	46.8596	46.8596	46.8596	23.0852	23.0852	23.0852
PWY0-1061	28.2717	28.2717	28.2717	18.0259	18.0259	18.0259	26.8801	26.8801	26.8801
PWY0-1241	15.3046	15.3046	15.3046	19.8905	19.8905	19.8905	8.2857	8.2857	8.2857
PWY0-1261	28.801	28.801	28.801	51.1697	51.1697	51.1697	45.7387	45.7387	45.7387
PWY0-1277	0.0	0.0	0.0	0.0	0.0	0.0	4.1424	4.1424	4.1424
PWY0-1296	49.2747	49.2747	49.2747	14.4408	14.4408	14.4408	23.9577	23.9577	23.9577
PWY0-1297	27.4123	27.4123	27.4123	26.9447	26.9447	26.9447	24.5357	24.5357	24.5357
PWY0-1298	45.7416	45.7416	45.7416	27.7603	27.7603	27.7603	19.8195	19.8195	19.8195
PWY0-1319	95.6855	95.6855	95.6855	89.9286	89.9286	89.9286	108.242	108.242	108.242
PWY0-1415	35.7849	35.7849	35.7849	25.2909	25.2909	25.2909	23.6839	23.6839	23.6839
PWY0-1479	18.7862	18.7862	18.7862	13.2774	13.2774	13.2774	18.0229	18.0229	18.0229
PWY0-1533	41.8462	41.8462	41.8462	4.9998	4.9998	4.9998	4.5569	4.5569	4.5569
PWY0-1586	25.2616	25.2616	25.2616	72.9273	72.9273	72.9273	41.1087	41.1087	41.1087
PWY0-162	82.8876	82.8876	82.8876	78.2908	78.2908	78.2908	95.6468	95.6468	95.6468
PWY0-166	63.99	63.99	63.99	65.117	65.117	65.117	78.0642	78.0642	78.0642
PWY0-321	0.0	0.0	0.0	1.67	1.67	1.67	0.7063	0.7063	0.7063
PWY0-41	0.0	0.0	0.0	0.0	0.0	0.0	3.9771	3.9771	3.9771
PWY0-42	13.3914	13.3914	13.3914	3.7042	3.7042	3.7042	5.9432	5.9432	5.9432
PWY0-781	55.7817	55.7817	55.7817	60.2579	60.2579	60.2579	65.704	65.704	65.704
PWY0-845	27.1453	27.1453	27.1453	13.4544	13.4544	13.4544	23.3355	23.3355	23.3355
PWY0-862	30.0833	30.0833	30.0833	23.5633	23.5633	23.5633	90.2922	90.2922	90.2922
PWY1G-0	1.519	1.519	1.519	3.3644	3.3644	3.3644	9.4595	9.4595	9.4595
PWY490-3	0.4944	0.4944	0.4944	1.9858	1.9858	1.9858	1.3476	1.3476	1.3476
PWY4FS-7	85.4607	85.4607	85.4607	92.2769	92.2769	92.2769	99.844	99.844	99.844
PWY4FS-8	85.4607	85.4607	85.4607	92.2769	92.2769	92.2769	99.844	99.844	99.844
PWYG-321	34.7235	34.7235	34.7235	19.6578	19.6578	19.6578	100.4828	100.4828	100.4828
PYRIDNUCSAL-PWY	27.6644	27.6644	27.6644	74.4117	74.4117	74.4117	80.5495	80.5495	80.5495
PYRIDNUCSYN-PWY	44.5208	44.5208	44.5208	50.0129	50.0129	50.0129	66.4923	66.4923	66.4923
PYRIDOXSYN-PWY	20.4196	20.4196	20.4196	7.1307	7.1307	7.1307	12.837	12.837	12.837
REDCITCYC	83.8732	83.8732	83.8732	63.7272	63.7272	63.7272	41.1357	41.1357	41.1357
RHAMCAT-PWY	1.1302	1.1302	1.1302	3.4995	3.4995	3.4995	11.1722	11.1722	11.1722
RIBOSYN2-PWY	76.6147	76.6147	76.6147	55.1427	55.1427	55.1427	84.0629	84.0629	84.0629
SALVADEHYPOX-PWY	42.6253	42.6253	42.6253	20.974	20.974	20.974	48.5851	48.5851	48.5851
SER-GLYSYN-PWY	82.848	82.848	82.848	80.3717	80.3717	80.3717	109.3359	109.3359	109.3359
SO4ASSIM-PWY	22.5877	22.5877	22.5877	22.3322	22.3322	22.3322	34.2065	34.2065	34.2065
SUCSYN-PWY	3.817	3.817	3.817	2.2076	2.2076	2.2076	4.0429	4.0429	4.0429
SULFATE-CYS-PWY	35.0527	35.0527	35.0527	35.0756	35.0756	35.0756	56.1621	56.1621	56.1621
TCA	90.3098	90.3098	90.3098	64.4236	64.4236	64.4236	95.0458	95.0458	95.0458
TCA-GLYOX-BYPASS	39.8775	39.8775	39.8775	24.8782	24.8782	24.8782	44.6805	44.6805	44.6805
TEICHOICACID-PWY	44.0197	44.0197	44.0197	3.0905	3.0905	3.0905	14.1446	14.1446	14.1446
THISYN-PWY	29.1603	29.1603	29.1603	29.6215	29.6215	29.6215	69.0649	69.0649	69.0649
THRESYN-PWY	74.7664	74.7664	74.7664	89.5673	89.5673	89.5673	92.8193	92.8193	92.8193
TRNA-CHARGING-PWY	72.0462	72.0462	72.0462	68.8468	68.8468	68.8468	85.7972	85.7972	85.7972
TRPSYN-PWY	80.0244	80.0244	80.0244	101.7793	101.7793	101.7793	89.2703	89.2703	89.2703
TYRFUMCAT-PWY	9.4242	9.4242	9.4242	5.2173	5.2173	5.2173	21.9639	21.9639	21.9639
UBISYN-PWY	29.1898	29.1898	29.1898	18.2783	18.2783	18.2783	37.73	37.73	37.73
UDPNAGSYN-PWY	70.8981	70.8981	70.8981	79.103	79.103	79.103	67.298	67.298	67.298
VALSYN-PWY	90.8026	90.8026	90.8026	101.9565	101.9565	101.9565	127.6336	127.6336	127.6336
